,Open,High,Low,Last,Total Trade Quantity,Turnover (Lacs),predicted_column
0,208.0,222.25,206.85,216.0,4642146.0,10062.83,216.2574979364063
1,217.0,218.6,205.9,210.25,3519515.0,7407.06,210.0879057653948
2,223.5,227.8,216.15,217.25,1728786.0,3815.79,217.67238611041765
3,230.0,237.5,225.75,226.45,1708590.0,3960.27,227.16054676968136
4,234.55,234.6,221.05,230.3,1534749.0,3486.05,229.44293312339676
5,234.05,235.95,230.2,233.5,3069914.0,7162.35,233.3223095382638
6,234.55,236.8,231.1,233.8,5082859.0,11859.95,233.7074472682085
7,240.0,240.0,232.5,235.0,2240909.0,5248.6,234.8206588682304
8,233.3,236.75,232.0,236.25,2349368.0,5503.9,236.05423257796343
9,233.55,239.2,230.75,234.0,3423509.0,7999.55,234.16986708745463
10,235.0,237.0,227.95,233.75,5395319.0,12589.59,233.33307246140407
11,235.95,237.2,233.45,234.6,1362058.0,3202.78,234.60167643277225
12,237.9,239.25,233.5,235.5,2614794.0,6163.7,235.44152931130904
13,233.15,238.0,230.25,236.4,3170894.0,7445.41,236.1397375005092
14,223.45,236.7,223.3,234.0,6377909.0,14784.5,233.92569800658998
15,216.35,223.7,212.65,221.65,4570939.0,10002.01,221.30418909911725
16,222.5,225.4,214.85,216.35,3508990.0,7735.81,216.5822381421627
17,222.5,235.15,220.65,221.05,7514106.0,17130.29,222.2132102758626
18,221.0,224.5,219.1,223.15,1232507.0,2742.84,223.01107514680467
19,224.0,225.0,218.2,220.95,1738824.0,3856.72,220.81044290828402
20,222.0,224.6,215.2,222.1,3023097.0,6674.93,221.62411521858104
21,238.2,238.2,222.6,223.45,3554859.0,8163.82,223.6517148952216
22,236.0,243.55,235.05,236.85,5242852.0,12538.39,237.32750406859833
23,237.0,239.75,232.95,234.65,3353833.0,7913.21,234.7530120282816
24,235.35,237.3,232.1,237.3,1921327.0,4516.57,236.88726322716718
25,233.85,237.7,232.7,234.2,1394661.0,3280.33,234.38342418624285
26,237.0,239.3,231.3,232.9,2374782.0,5571.77,233.01571945038071
27,231.8,239.35,231.05,236.8,1990020.0,4689.94,236.8126188866965
28,234.5,237.2,230.2,231.5,1838417.0,4289.35,231.66439554664856
29,240.3,240.6,233.1,235.5,1553953.0,3662.36,235.3598204463297
30,246.9,246.9,239.25,240.9,3272005.0,7941.4,240.8175025316163
31,244.0,247.0,243.0,244.7,1690225.0,4141.83,244.7648937491383
32,240.8,244.5,239.2,242.7,2838238.0,6885.52,242.6202105870984
33,236.05,242.0,235.95,240.35,2551480.0,6106.81,240.35039416051683
34,235.0,238.5,235.0,237.4,1885288.0,4459.96,237.40838595785385
35,233.0,236.45,232.25,235.2,1948583.0,4573.57,235.15385867797946
36,237.3,237.95,231.1,233.65,2035594.0,4757.48,233.5010551071532
37,236.65,239.85,235.3,237.25,1127248.0,2676.63,237.31948519887203
38,237.25,240.5,235.05,236.35,1807313.0,4305.39,236.51874474041335
39,241.0,241.55,235.3,237.5,1963538.0,4677.58,237.3711938265201
40,235.15,240.45,234.15,240.0,2560616.0,6080.87,239.779954743071
41,236.0,239.0,232.0,235.2,3357945.0,7893.32,235.14288982101857
42,232.5,238.05,230.4,235.0,5700851.0,13328.52,234.96371011854808
43,248.7,254.95,234.35,235.1,13272609.0,32325.56,235.82457321643915
44,243.4,249.65,241.5,247.1,4422342.0,10917.34,247.00686297332794
45,243.7,247.0,240.9,243.65,1867720.0,4544.83,243.6558521387752
46,241.0,243.95,239.15,242.5,1581985.0,3821.97,242.37942294632694
47,235.9,242.95,234.5,239.5,3996921.0,9565.1,239.554758639689
48,248.5,248.5,235.8,236.05,2310430.0,5596.44,236.26117966548424
49,244.0,249.2,241.9,246.3,2278457.0,5607.3,246.27050275392315
50,238.9,244.25,235.25,243.05,2351769.0,5645.48,242.65600956159227
51,231.25,240.95,231.25,238.9,3003282.0,7143.47,238.86640750441373
52,239.7,243.3,228.6,232.5,4223216.0,9934.06,232.57143553462487
53,248.4,249.6,232.7,238.1,3343525.0,8021.22,237.8591525575493
54,241.55,251.85,240.3,247.5,3158004.0,7794.77,247.6024935125214
55,257.9,257.9,242.1,243.9,3454849.0,8566.75,243.97942189054498
56,265.0,265.75,257.55,258.3,3357333.0,8804.57,258.38594969563576
57,270.4,272.45,264.35,264.5,2250217.0,6045.37,264.76014677840647
58,274.8,275.45,267.45,270.0,1407688.0,3811.57,269.8625861887892
59,275.9,277.8,272.55,274.55,1284523.0,3532.63,274.5109952551681
60,268.25,276.2,267.0,275.3,2267486.0,6168.1,275.0292475584452
61,269.8,273.25,265.7,266.2,2022333.0,5443.53,266.511667726615
62,277.45,282.4,270.0,271.8,2338411.0,6459.01,272.16977926926023
63,281.0,281.0,275.35,277.7,3598212.0,9999.82,277.4639148691023
64,264.5,284.5,262.7,280.1,6676660.0,18483.41,279.87400202492984
65,271.0,273.1,263.25,264.5,3661633.0,9740.9,264.658412573876
66,262.7,270.15,262.7,269.2,2077927.0,5519.02,269.0767504604768
67,263.0,268.25,261.45,265.05,4511203.0,11917.5,265.08413167535116
68,265.1,268.4,261.2,263.15,2234204.0,5905.05,263.2653822628761
69,264.8,269.7,263.3,264.6,2208389.0,5886.61,264.89705811884386
70,260.1,266.95,260.1,264.55,2103452.0,5563.82,264.62049373758225
71,257.9,263.55,256.45,261.95,2459832.0,6442.71,261.80587865938713
72,258.05,262.35,255.5,258.15,3020580.0,7806.4,258.2444583321768
73,263.7,264.75,257.0,260.55,3367252.0,8755.18,260.3053925284156
74,274.65,274.65,266.05,267.0,6224725.0,16640.21,266.9875839761183
75,271.55,276.85,269.15,274.9,1541522.0,4214.24,274.71263182694105
76,279.15,281.0,271.45,272.2,3133233.0,8614.03,272.39347074777834
77,269.8,278.75,268.2,278.0,3646744.0,10067.32,277.6395754663653
78,267.0,270.5,265.35,270.0,1232644.0,3311.87,269.7585367270408
79,262.75,268.4,262.75,267.2,1206633.0,3209.4,267.15825772634236
80,265.6,271.25,262.7,263.25,3538690.0,9470.3,263.73424435515955
81,263.7,269.35,263.55,266.7,1104173.0,2945.64,266.82148084565006
82,266.9,269.7,263.3,267.0,1527128.0,4075.26,266.8491261142516
83,262.75,266.7,260.35,265.55,2052017.0,5408.38,265.29847397020285
84,255.5,264.7,254.8,264.2,4208120.0,11030.56,263.89643089762126
85,265.0,265.4,253.5,255.5,1819147.0,4706.54,255.50294853354433
86,269.7,269.7,258.55,265.1,2622839.0,6920.49,264.4890476403466
87,267.0,272.0,260.7,269.05,3469905.0,9239.62,268.5917662944373
88,254.0,266.0,253.2,265.7,4154146.0,10876.9,265.2941243105598
89,257.4,262.7,257.0,257.9,2235734.0,5803.91,258.26377532412033
90,254.7,262.2,254.65,260.7,2649349.0,6862.75,260.6379452860459
91,252.2,259.4,252.2,258.5,2071496.0,5324.08,258.38224615122414
92,251.0,255.5,247.3,255.0,2921253.0,7380.24,254.5254977226968
93,246.5,252.35,245.55,250.0,4295785.0,10726.5,249.98598504711254
94,244.0,251.1,244.0,247.6,3175432.0,7874.05,247.80026019252747
95,244.1,248.35,240.55,244.0,3180360.0,7762.71,244.02103644924665
96,248.3,248.95,243.35,245.1,3297714.0,8103.65,245.00582421844126
97,243.5,249.3,242.5,247.5,7108750.0,17573.66,247.39672506486798
98,240.0,245.6,237.25,241.4,6328483.0,15295.87,241.42967561226868
99,256.45,259.5,240.75,242.45,9298329.0,23074.68,242.7979525097109
100,280.0,281.35,251.85,257.0,16822847.0,43913.37,256.97405744881127
101,284.4,290.5,284.4,287.0,1974327.0,5685.22,287.2121713505543
102,292.95,293.0,283.45,284.15,1446384.0,4157.17,284.2206073090827
103,289.6,294.35,288.6,292.0,1820409.0,5311.0,292.00325705985375
104,296.0,296.2,287.25,289.5,1720983.0,4998.87,289.37413039166864
105,288.8,295.5,287.0,295.05,1848551.0,5387.46,294.69256581723323
106,287.05,291.5,282.3,287.9,1399442.0,4014.1,287.6949766296703
107,292.75,292.75,283.1,286.45,2561225.0,7355.63,286.18511933793417
108,297.4,300.0,289.4,293.0,1857277.0,5479.6,292.924602649068
109,293.9,298.5,292.05,297.85,3046154.0,9025.87,297.5511549251544
110,293.45,294.4,291.05,291.4,1858644.0,5443.94,291.4347976547774
111,292.5,293.65,288.75,291.2,4942803.0,14401.35,291.00294579784986
112,283.05,291.25,282.05,289.1,4804882.0,13808.09,288.972832106938
113,283.0,288.0,281.8,283.7,2131466.0,6075.2,283.9173082123394
114,287.7,287.8,282.65,283.2,1687369.0,4794.16,283.19233262864344
115,285.95,288.8,283.65,286.0,2523492.0,7225.36,285.9719316977655
116,286.0,288.65,283.6,285.55,2434183.0,6966.56,285.55439621418924
117,282.3,287.45,279.25,285.35,4719061.0,13416.32,285.0888641533278
118,282.0,285.25,277.5,280.6,5799262.0,16355.69,280.54572201061313
119,274.0,280.2,272.55,279.4,3030999.0,8371.24,279.13119952556525
120,274.0,277.35,271.75,275.7,2196800.0,6024.34,275.5325238951157
121,273.9,277.8,271.65,273.9,2149205.0,5896.21,273.995406962832
122,276.1,276.35,271.5,273.85,1996390.0,5454.47,273.62945874613337
123,280.2,280.7,274.1,275.8,2190930.0,6065.36,275.7145226239748
124,275.0,281.65,273.0,276.75,4623765.0,12889.29,276.9050021270158
125,274.8,275.65,271.0,272.7,1852060.0,5047.58,272.60140868187983
126,274.55,277.0,271.5,273.0,2658707.0,7260.79,273.0594479385404
127,276.7,279.05,269.55,270.15,3283985.0,8975.77,270.3983848239473
128,276.0,277.55,271.7,275.3,2613360.0,7162.95,275.0419041788309
129,259.35,278.4,259.35,277.45,6610831.0,17918.02,277.00761655306513
130,261.25,264.0,257.5,259.15,2283408.0,5951.18,259.24648203434845
131,264.0,265.75,260.75,264.0,3071911.0,8092.83,263.78330963501566
132,258.05,263.5,253.7,263.45,2440719.0,6332.93,262.83177110015856
133,251.05,258.9,250.0,258.2,2297852.0,5859.45,257.9360431743604
134,264.65,264.65,257.6,259.1,1681596.0,4369.46,259.0239446860021
135,265.3,266.3,262.15,262.9,1477158.0,3901.51,262.9254222620489
136,259.7,263.65,255.1,263.3,2855717.0,7453.21,262.72663415382976
137,272.6,273.0,258.35,260.65,3665423.0,9640.91,260.66178186319667
138,280.8,282.7,271.05,272.55,2762357.0,7633.86,272.70546951576705
139,278.0,284.4,277.25,279.55,2877987.0,8081.81,279.8418401752821
140,275.25,281.25,275.25,279.0,2056369.0,5729.14,279.06545461555095
141,278.05,281.3,273.2,278.2,3095190.0,8590.75,277.9444891579137
142,270.0,276.65,269.7,276.0,2583575.0,7052.02,275.8219778383785
143,275.9,275.9,266.6,268.5,1614381.0,4376.16,268.4212778923956
144,270.5,274.2,265.0,273.15,2246589.0,6068.8,272.57779641514156
145,272.0,274.45,265.15,268.9,4847214.0,13070.84,268.7554806718921
146,276.7,283.1,271.45,272.5,6601857.0,18367.89,273.0200785126508
147,274.8,276.95,270.55,276.6,4680138.0,12811.25,276.0836134170531
148,275.0,277.35,274.1,275.45,2322191.0,6392.67,275.47089578166754
149,273.0,277.0,272.0,275.4,2808234.0,7727.14,275.3306612001957
150,275.0,279.7,273.1,275.4,4778178.0,13208.65,275.5384688096173
151,273.55,274.8,271.55,274.8,3672359.0,10027.43,274.49562226478645
152,264.2,271.9,263.0,271.2,3895920.0,10479.23,270.905544037589
153,265.95,269.9,261.1,262.9,5466484.0,14389.22,263.09490309635123
154,265.0,268.85,262.2,266.5,3638163.0,9678.53,266.345116241943
155,268.7,274.2,261.65,263.0,5120799.0,13695.83,263.4533218881934
156,277.0,277.05,263.0,269.0,2620461.0,7022.82,268.52318844558863
157,280.25,282.75,274.2,275.5,1925414.0,5331.07,275.66060031523625
158,284.35,285.25,276.0,279.85,1807307.0,5082.79,279.59252573843395
159,287.95,289.0,280.9,281.5,2455660.0,7003.26,281.61893758807116
160,282.4,289.6,279.7,284.25,4583181.0,13079.39,284.3728814293624
161,271.1,279.8,271.1,278.65,3121544.0,8655.43,278.5077038351724
162,282.0,286.5,276.1,280.4,5863983.0,16553.84,280.352684888319
163,270.0,284.4,270.0,279.65,8055761.0,22500.69,279.7703406932888
164,259.0,270.3,253.25,266.0,7044561.0,18431.55,265.5847892626032
165,265.1,276.9,255.15,275.5,6833906.0,18386.99,274.29529436259077
166,284.0,285.0,260.25,274.6,6697007.0,18375.08,273.3806208208305
167,290.25,294.9,278.6,289.55,4593306.0,13229.01,288.83926774573064
168,302.9,303.7,286.1,291.15,5397599.0,15929.24,290.89031778999555
169,300.95,307.3,299.45,304.0,2590100.0,7871.4,304.01800601075615
170,305.25,306.8,300.7,301.3,1806919.0,5489.77,301.4066956418942
171,304.0,311.25,301.65,305.3,3631793.0,11123.41,305.52558129167505
172,306.0,310.7,302.8,303.7,2154759.0,6585.37,304.04429639535203
173,310.7,310.7,304.05,307.7,4416130.0,13560.72,307.303478326449
174,307.05,314.95,306.6,309.0,3278437.0,10171.94,309.4002632276812
175,306.0,310.0,300.95,309.9,3653286.0,11183.31,309.2176691278705
176,315.05,315.75,301.4,304.5,3408593.0,10502.65,304.4070010858842
177,313.85,317.0,307.55,314.05,3742677.0,11717.46,313.6084156321049
178,323.0,326.9,311.45,317.6,4683847.0,14922.72,317.3821882562986
179,327.7,328.75,321.65,323.7,4519030.0,14701.51,323.57777145175146
180,315.05,328.35,315.0,325.95,14484043.0,46643.39,325.71516173495263
181,314.0,316.7,311.8,313.1,3481728.0,10911.99,313.1601965117594
182,315.0,319.1,312.55,314.25,2517494.0,7944.49,314.4120461127318
183,317.6,319.65,314.0,314.7,2411068.0,7628.8,314.8098054345114
184,314.65,319.2,312.2,317.45,2171903.0,6855.32,317.2239143303532
185,312.3,315.85,310.35,312.85,1896601.0,5938.16,312.8554148773601
186,312.0,313.5,307.25,312.3,2703849.0,8380.41,311.8491708071111
187,311.9,315.15,310.15,310.95,2073353.0,6469.92,311.12863601735614
188,314.3,314.95,307.55,310.7,2014415.0,6252.42,310.44978071539913
189,317.75,317.8,311.8,313.45,1602814.0,5040.75,313.30838042021776
190,308.05,318.0,306.35,316.05,6874520.0,21586.26,315.75181908823777
191,306.5,309.3,303.55,306.8,4620000.0,14164.22,306.6423518056647
192,305.5,308.8,302.5,305.65,3315278.0,10164.51,305.56655048320846
193,303.7,307.7,300.55,305.5,3956481.0,12073.55,305.26327569236514
194,301.0,306.35,299.7,302.8,4703911.0,14271.47,302.8751466350137
195,302.25,303.0,298.15,300.2,2280137.0,6845.56,300.0376166310429
196,301.0,303.8,297.75,302.0,4692403.0,14149.92,301.72918037216584
197,292.0,301.45,291.7,300.7,8383608.0,24973.97,300.40439762634867
198,280.0,293.95,275.1,291.6,5912782.0,17013.97,290.95934240878717
199,289.0,289.95,286.15,287.1,3036814.0,8735.39,287.0643140483354
200,288.0,288.25,279.2,284.5,5575066.0,15810.93,283.9792078710345
201,290.0,292.5,282.2,284.8,6799578.0,19574.91,284.79650545507087
202,298.6,298.6,286.65,287.45,6874578.0,20150.22,287.5118959049857
203,290.0,299.55,285.9,297.85,8045275.0,23729.27,297.29406152847235
204,287.55,289.9,285.05,288.05,4297335.0,12354.21,287.8825165514826
205,276.0,284.85,275.65,284.8,3820082.0,10662.6,284.4761985851741
206,278.9,282.95,273.6,275.3,4358618.0,12100.11,275.5277638903133
207,279.4,283.75,278.15,280.4,4876970.0,13694.44,280.4919238197041
208,285.0,286.5,276.4,280.3,5784862.0,16212.97,280.0691788882518
209,288.45,293.6,282.6,284.0,7150041.0,20637.33,284.35647729621246
210,278.9,292.2,277.55,288.1,9944314.0,28436.36,288.0121716611151
211,287.3,290.65,278.3,279.05,6464166.0,18367.29,279.3890304321228
212,277.0,289.8,276.5,287.2,11258640.0,32227.87,287.01539296822705
213,277.5,278.4,274.3,277.75,2208868.0,6106.05,277.4235886367826
214,275.05,280.0,275.05,277.2,3855810.0,10704.91,277.34479335638343
215,273.15,276.95,270.5,276.25,3371088.0,9240.31,275.906322676143
216,273.5,275.85,267.75,275.0,5015906.0,13645.79,274.3887215293936
217,275.9,280.75,271.15,273.5,12063135.0,33327.37,273.65517292927166
218,261.15,276.25,259.25,275.15,13458563.0,36047.39,274.5816434158344
219,252.25,260.8,250.8,258.95,6857865.0,17611.63,258.7361200612191
220,254.0,254.65,247.2,251.25,6292626.0,15781.35,250.89172991376242
221,237.9,253.35,237.9,252.15,17805319.0,44321.86,251.7619460067026
222,234.7,248.0,228.4,246.4,15847309.0,37901.49,245.5054489918132
223,236.3,239.8,232.85,233.95,2923051.0,6914.92,234.18953798928203
224,240.7,244.0,234.65,236.3,7726311.0,18509.13,236.47718918974198
225,225.8,241.6,225.3,239.85,11299727.0,26521.93,239.52701713404346
226,226.0,228.0,222.55,225.4,3299527.0,7424.32,225.28114162746252
227,235.0,235.5,221.3,225.0,5306883.0,12105.05,224.8477500920909
228,224.9,236.9,224.0,234.45,6994467.0,16298.62,234.29605319484102
229,227.0,227.9,224.35,225.5,1920643.0,4331.7,225.4717856591273
230,227.9,231.25,223.4,226.95,7866167.0,17834.16,226.87124461951592
231,226.95,231.4,226.35,228.0,3608627.0,8238.83,228.20034095396935
232,226.95,228.25,223.15,227.5,5175219.0,11696.96,227.12393006991573
233,225.0,230.25,222.5,226.5,13953152.0,31569.51,226.46864746614295
234,211.3,221.8,209.75,221.7,8891566.0,19257.33,221.2277443759898
235,204.95,210.85,203.4,209.7,4964383.0,10341.97,209.49817447338415
236,211.0,211.5,203.0,205.0,2640192.0,5437.31,204.955537068855
237,204.0,210.25,203.55,209.7,3568231.0,7402.2,209.53445626490208
238,205.5,207.45,202.6,203.75,2952899.0,6030.3,203.83569495201954
239,207.9,207.95,203.7,203.85,532661.0,1095.73,203.91490927390143
240,211.45,211.45,205.6,207.5,4687271.0,9730.6,207.35691575363893
241,210.4,213.35,209.05,210.55,3269191.0,6898.79,210.6504371130669
242,210.3,211.85,207.1,209.4,2658347.0,5563.4,209.31138410321068
243,211.0,214.2,209.25,210.0,3171251.0,6713.26,210.22639486760824
244,211.0,212.9,208.0,212.0,3902627.0,8224.13,211.72464405341606
245,209.45,216.0,205.6,209.75,6891689.0,14629.38,209.91417262534077
246,209.5,211.15,207.7,208.5,2125747.0,4448.8,208.57659114711896
247,209.65,211.35,207.65,208.25,1653094.0,3454.22,208.36339138875627
248,210.0,212.25,208.65,209.6,2534607.0,5332.72,209.70392676174836
249,204.95,210.55,204.55,210.5,2228532.0,4637.19,210.3015584856018
250,207.3,207.7,203.15,205.7,1964885.0,4032.28,205.49555592277028
251,207.25,210.55,205.0,206.85,1985873.0,4118.57,206.97190441614094
252,204.5,209.9,203.4,206.6,3721338.0,7700.44,206.72684489527137
253,199.05,204.5,198.7,204.0,4602566.0,9312.65,203.85483779637414
254,206.5,207.0,196.65,198.5,3331256.0,6727.73,198.5148591795277
255,196.0,206.45,195.3,204.95,5546594.0,11185.5,204.76558434047777
256,201.45,202.0,192.3,197.0,4019965.0,7877.39,196.65312188817194
257,211.0,211.0,200.0,201.2,3851873.0,7911.13,201.26650952699308
258,214.0,214.8,207.3,213.5,2914695.0,6159.43,212.93639910661864
259,216.4,216.85,213.1,213.65,2906933.0,6234.53,213.66573587932595
260,213.0,220.2,212.85,216.4,9580786.0,20840.29,216.59716284901344
261,212.65,215.0,210.7,213.45,2491966.0,5303.92,213.3555476494313
262,211.0,213.7,208.85,210.1,2608124.0,5500.51,210.22868078972039
263,208.5,213.8,207.35,212.5,2980684.0,6266.23,212.38120047025393
264,214.65,214.95,206.2,208.8,4637092.0,9768.64,208.65859820590825
265,212.0,213.65,210.15,211.7,4884083.0,10349.32,211.66773034793633
266,209.2,211.05,207.3,209.4,3393087.0,7098.12,209.33160202581578
267,206.1,210.8,205.45,206.55,6430260.0,13393.1,206.83848540683647
268,207.95,209.3,204.8,205.4,5862028.0,12129.82,205.4815174935315
269,195.1,207.2,194.6,206.5,14490021.0,29584.24,206.14463231986431
270,194.3,197.4,193.3,197.15,3442385.0,6738.89,196.9767921130573
271,198.0,198.4,190.5,193.3,4372250.0,8461.6,193.13352258387752
272,198.25,200.65,196.3,197.8,3401210.0,6743.59,197.86640468143895
273,198.5,200.7,196.1,198.2,7760949.0,15413.6,198.15861782905563
274,193.0,198.15,192.35,197.5,7173447.0,14034.74,197.34001412244322
275,192.95,197.5,189.35,190.55,5679382.0,10969.25,190.89230157426377
276,195.0,196.3,192.05,193.9,3684762.0,7147.52,193.83894343930814
277,197.3,198.3,193.7,194.2,4587179.0,8960.23,194.28380824281604
278,191.5,197.45,189.15,196.75,7522673.0,14522.9,196.40625074011137
279,197.15,199.5,188.85,190.6,7466196.0,14417.1,190.7552577675787
280,196.65,203.0,194.4,196.5,15744338.0,31403.67,196.81723955411496
281,189.8,196.4,188.05,195.7,10030010.0,19308.69,195.3871565699972
282,194.0,197.4,189.8,190.9,10381703.0,20050.09,191.12910353545956
283,182.5,196.75,181.5,194.0,29191015.0,55755.08,193.72407786012812
284,166.0,180.3,165.1,177.3,9368807.0,16312.73,177.1840339425719
285,155.1,164.8,152.05,163.4,6027593.0,9628.51,163.01090223484846
286,161.85,163.5,153.2,157.3,2470478.0,3921.42,157.15292937841238
287,165.5,166.9,160.45,161.0,1267995.0,2082.83,161.18479667333926
288,171.8,171.8,165.6,166.25,2372930.0,3988.91,166.30323538614198
289,167.0,171.7,167.0,170.5,2548868.0,4339.35,170.52326311582416
290,164.7,167.6,163.85,166.35,2298689.0,3815.79,166.34154893966303
291,165.95,169.4,164.5,167.0,2895078.0,4845.26,167.0557141301067
292,168.0,168.55,164.2,164.85,2009220.0,3334.75,164.90568666790065
293,171.0,171.75,166.75,167.8,2140964.0,3622.9,167.83433510283643
294,169.5,172.4,168.35,170.1,1896521.0,3230.5,170.18988718690878
295,167.9,170.65,166.85,168.85,2290563.0,3860.48,168.8911475460324
296,173.85,173.85,167.7,168.4,2370296.0,4031.92,168.4448714336119
297,172.0,175.35,170.75,172.35,3803339.0,6583.98,172.49389635429276
298,170.5,172.25,169.2,171.7,2103806.0,3600.42,171.58703669886137
299,172.2,174.3,169.45,170.4,2636591.0,4536.3,170.5413244638435
300,171.9,173.85,169.7,172.5,4670938.0,8039.92,172.37709734453983
301,175.4,176.25,170.3,171.0,2791324.0,4827.35,171.1010828605284
302,173.8,177.4,173.7,175.1,4161102.0,7313.99,175.26359010417912
303,176.1,178.7,173.05,173.95,3264325.0,5734.23,174.14811198969247
304,174.25,179.3,172.6,176.95,4882663.0,8646.0,176.92545834224845
305,175.9,175.9,172.05,174.25,2831387.0,4932.13,174.05447732007346
306,175.35,176.7,171.2,174.75,5222043.0,9084.43,174.51644946402115
307,171.05,174.8,169.0,173.35,10623109.0,18368.34,173.1807001416677
308,167.05,172.8,167.05,169.25,12571250.0,21392.59,169.4865912179541
309,159.0,167.85,157.1,167.2,4761386.0,7866.08,166.8577665044265
310,153.15,158.9,153.1,157.65,6442241.0,10106.02,157.63836548361334
311,156.5,157.8,152.75,153.25,4873097.0,7546.37,153.3896795876026
312,151.5,157.1,150.0,156.3,5849123.0,9038.88,156.09613335635834
313,153.7,154.15,149.75,150.1,3080845.0,4670.92,150.18894552817343
314,152.5,155.65,150.75,151.65,8680232.0,13243.65,151.86143980410614
315,148.0,151.7,147.1,150.5,1854572.0,2787.02,150.47150968245768
316,149.95,151.7,147.9,149.5,2280933.0,3427.43,149.524773165031
317,147.25,150.2,146.4,149.0,2135161.0,3171.42,148.9941956772716
318,151.15,151.95,145.75,147.4,1465569.0,2168.84,147.4055332691116
319,154.6,155.0,149.8,151.3,1980476.0,3003.79,151.26689837300367
320,157.0,158.6,154.0,154.2,2216575.0,3452.47,154.4002659139499
321,156.8,159.4,156.05,156.65,2770731.0,4366.89,156.8450115590804
322,156.75,158.65,155.55,156.6,1212404.0,1905.12,156.6886437020283
323,159.0,159.55,155.9,156.3,1362450.0,2137.51,156.3779363329802
324,159.95,161.8,157.7,157.8,1968954.0,3144.41,158.01932844686698
325,158.45,162.75,157.6,158.75,3647423.0,5845.75,159.0414928656728
326,156.95,160.45,155.05,158.15,4815053.0,7637.53,158.14348679120909
327,152.45,157.7,151.7,155.75,3463217.0,5359.78,155.78078848787737
328,153.5,154.5,151.75,151.8,1438107.0,2198.67,151.9363790878973
329,154.9,155.65,152.8,154.0,1319642.0,2033.52,153.97865492301042
330,155.1,156.9,153.4,154.2,1479812.0,2293.76,154.3206435791443
331,152.65,156.4,152.4,155.1,1943703.0,3006.86,155.1445394847418
332,155.0,155.65,152.2,152.5,1290705.0,1983.0,152.59543710094033
333,155.05,156.5,152.9,154.8,1647207.0,2549.95,154.76100636782456
334,153.1,158.35,152.15,154.6,3603942.0,5621.37,154.83060560038038
335,148.35,154.0,148.25,153.05,2952069.0,4485.21,153.01751351060088
336,148.55,151.0,147.55,149.7,3325237.0,4964.89,149.69801761221214
337,145.0,146.2,143.7,145.45,1513053.0,2196.49,145.3910911505044
338,147.2,147.5,143.9,144.9,977041.0,1425.46,144.89200377535022
339,144.0,147.25,143.5,146.9,1417686.0,2068.14,146.82214861477053
340,143.45,144.65,142.1,143.25,1842806.0,2641.78,143.2652765834143
341,145.2,146.1,140.2,142.0,1755862.0,2511.75,141.98953831022845
342,148.05,148.4,143.65,144.7,1355129.0,1972.13,144.71406086096948
343,149.8,151.15,147.2,147.95,1098727.0,1636.02,148.05771544603996
344,149.5,153.8,148.35,149.3,2744849.0,4157.98,149.63196575181027
345,152.0,152.6,147.0,147.1,1233917.0,1847.07,147.2674121984359
346,154.0,154.65,152.5,152.5,1161590.0,1779.67,152.6034281259759
347,154.6,155.45,153.0,153.85,1306020.0,2013.41,153.8701072565693
348,152.65,155.0,152.45,154.55,1012554.0,1558.96,154.53390688583826
349,154.0,154.75,151.65,152.6,940916.0,1435.63,152.61721683925595
350,155.0,156.2,153.2,153.75,589464.0,910.88,153.84882210927884
351,154.9,156.35,153.9,154.65,1186929.0,1838.9,154.7277848337889
352,153.2,155.15,152.55,154.0,939148.0,1444.34,154.03483572555533
353,152.8,154.15,151.95,152.45,1239593.0,1897.26,152.54601702339144
354,156.5,156.5,151.1,152.0,1349536.0,2073.09,152.01687057225962
355,156.3,158.3,154.8,155.0,1653237.0,2581.07,155.20787088675024
356,158.85,158.85,155.55,156.25,1523044.0,2385.92,156.24115358887428
357,154.3,161.45,153.75,157.5,6827849.0,10835.58,157.73263317682395
358,153.4,154.7,152.0,152.8,1132516.0,1736.48,152.86713236326096
359,155.0,155.4,151.55,152.0,1388038.0,2122.54,152.06705251508828
360,152.45,156.6,151.6,154.05,4161713.0,6433.14,154.16840347996737
361,152.4,153.15,151.0,151.6,945527.0,1437.23,151.63907245448746
362,151.0,153.25,151.0,151.5,1079887.0,1642.96,151.66631426352893
363,153.5,153.9,149.7,151.2,1293698.0,1966.07,151.14744278754395
364,150.25,153.6,150.25,152.0,1540540.0,2346.43,152.11914692469236
365,147.9,150.8,147.5,150.6,1092317.0,1632.17,150.52177121804658
366,149.1,152.5,147.5,147.7,1563947.0,2356.03,148.05146363580653
367,151.0,151.0,148.55,149.05,830703.0,1242.12,149.05314532126405
368,152.0,153.0,149.8,150.0,1272204.0,1929.81,150.1297977022934
369,153.95,153.95,150.3,151.8,1907247.0,2899.6,151.70186377010572
370,151.5,153.75,151.05,153.7,2064221.0,3146.21,153.6083223872174
371,151.5,152.25,149.4,150.55,1857915.0,2800.01,150.5341622068362
372,152.8,154.45,150.0,150.0,1444642.0,2202.25,150.23068846564396
373,152.9,154.35,151.25,152.55,2295942.0,3509.67,152.57135319001605
374,152.8,154.8,151.0,152.75,2011288.0,3079.38,152.774816931828
375,150.65,153.5,150.3,151.3,1788548.0,2722.96,151.46889040216072
376,151.45,152.1,150.1,150.5,1193137.0,1803.31,150.552039307697
377,151.45,152.75,149.7,150.0,3022795.0,4557.84,150.12925786155387
378,151.7,153.0,149.5,150.1,2092924.0,3168.41,150.20670028899667
379,149.9,153.9,148.0,153.0,2740120.0,4110.55,152.822897898313
380,151.0,151.9,148.0,148.0,2933289.0,4381.41,148.1562751467061
381,152.9,153.15,150.5,150.85,3485991.0,5286.28,150.8823187679126
382,143.9,152.5,143.2,151.7,6422298.0,9552.1,151.5040630661943
383,145.55,145.55,142.2,142.75,2306755.0,3313.05,142.76423628023028
384,147.0,148.45,145.1,145.6,2955856.0,4332.96,145.72560236804134
385,144.8,147.45,144.8,146.55,2675495.0,3920.26,146.5984985516956
386,145.7,145.7,142.25,144.5,1898811.0,2738.14,144.30958795335897
387,141.6,145.5,141.35,144.45,3987646.0,5746.46,144.45739502382318
388,139.6,142.1,139.3,140.95,1279451.0,1805.03,141.011515621873
389,140.2,140.4,138.6,139.6,838219.0,1169.88,139.54716379202173
390,140.85,142.25,136.75,137.15,1671172.0,2322.75,137.34221203943522
391,140.6,142.35,140.2,140.6,1073015.0,1515.67,140.74398691350274
392,142.4,143.0,140.05,140.8,1103877.0,1561.79,140.83211482089902
393,143.0,144.15,142.2,142.4,727617.0,1040.72,142.5191338362098
394,143.95,145.2,142.1,142.8,2043052.0,2933.15,142.8857902505867
395,141.1,144.2,140.1,143.25,1672938.0,2381.46,143.20004342276007
396,145.45,145.75,140.05,141.1,1765255.0,2518.52,141.13176464581608
397,138.5,145.8,138.25,144.1,4919352.0,7066.2,144.10104362792927
398,139.15,139.85,136.75,138.15,1513693.0,2088.58,138.11332125081634
399,139.0,140.45,138.35,138.45,1129032.0,1574.65,138.60769527323725
400,140.05,140.9,138.7,139.1,1340126.0,1871.67,139.1767890710216
401,142.55,142.75,139.6,139.75,1296093.0,1827.19,139.8294416416814
402,142.15,143.2,141.0,141.7,1671915.0,2369.22,141.75257463252763
403,141.0,142.6,139.8,141.4,1517679.0,2144.39,141.39843796669737
404,140.9,141.95,139.65,139.8,952450.0,1341.58,139.92591246749484
405,139.2,140.7,138.1,140.65,942382.0,1314.08,140.5230498911018
406,140.9,142.85,138.0,138.4,1193620.0,1672.79,138.62043707376688
407,142.4,143.7,139.95,140.9,1395593.0,1978.89,140.97730334679892
408,144.9,146.85,141.25,141.5,2224197.0,3183.39,141.7498114583002
409,143.95,145.5,142.6,144.0,1367413.0,1969.94,144.02064194208154
410,146.0,147.15,143.05,143.75,1726818.0,2498.72,143.85155793765864
411,141.95,146.9,141.35,145.85,2162887.0,3121.95,145.80409676165573
412,142.1,145.8,140.1,141.9,2205918.0,3157.09,142.094740340696
413,141.9,144.75,141.2,142.8,2127506.0,3039.13,142.90649839169032
414,138.2,143.9,137.1,141.55,3569132.0,5036.55,141.59144942078572
415,132.45,138.8,132.4,137.4,6652685.0,9084.0,137.40449175488098
416,129.05,130.65,127.35,129.85,1221969.0,1580.78,129.75675171077654
417,130.5,132.0,128.5,128.7,1614154.0,2100.16,128.88379329009942
418,129.1,131.8,128.1,130.25,1256759.0,1635.01,130.29128088827625
419,128.35,129.95,128.35,128.8,759876.0,982.7,128.92124776419683
420,129.25,129.25,127.45,128.3,909771.0,1166.6,128.25569089917568
421,128.8,128.95,126.85,128.5,996229.0,1272.85,128.37560678811707
422,127.6,128.4,126.6,127.65,746313.0,952.83,127.64261582852406
423,130.25,131.35,126.0,126.9,961631.0,1233.64,127.01303848392192
424,129.8,131.55,129.15,130.25,1308883.0,1708.02,130.31835652793282
425,128.0,130.45,127.7,128.5,1059940.0,1367.68,128.66758925433234
426,128.6,129.4,126.55,127.5,851814.0,1090.57,127.5281358509599
427,128.2,128.4,127.0,127.6,538746.0,688.06,127.59407421895283
428,126.9,130.9,126.65,128.15,3617760.0,4668.88,128.3734329193769
429,128.3,128.4,124.05,124.9,1403598.0,1764.05,124.9204829886752
430,125.0,127.9,124.55,127.65,839283.0,1061.75,127.58530921184735
431,125.5,125.5,123.8,124.5,533212.0,663.16,124.47502337282646
432,124.75,125.5,123.95,124.75,414927.0,517.65,124.76639489577781
433,125.4,126.95,124.05,124.5,1255021.0,1573.67,124.64701665803176
434,124.75,125.65,124.55,125.3,503565.0,630.23,125.32312208514679
435,125.0,126.05,123.8,124.1,656213.0,818.98,124.21533885785217
436,122.8,125.4,122.8,124.75,580430.0,721.93,124.78865410978906
437,122.8,124.2,121.35,123.55,1102178.0,1354.06,123.47178725400859
438,121.1,123.3,121.1,122.0,1017447.0,1244.54,122.12750799092117
439,119.6,122.15,119.6,121.3,1025503.0,1241.44,121.36439915657076
440,119.2,122.0,119.2,119.8,866902.0,1047.42,120.02460883364621
441,117.0,121.05,116.45,120.05,728501.0,870.77,120.04333929760406
442,118.8,118.85,116.3,117.4,425216.0,498.73,117.3528623666335
443,119.5,119.8,118.0,118.7,749376.0,891.02,118.70199086790932
444,122.4,122.4,119.0,119.3,839802.0,1006.49,119.36359813904426
445,120.75,122.95,120.75,121.95,677057.0,826.44,122.04209402526931
446,124.8,125.0,120.75,121.2,646197.0,790.28,121.27924984733039
447,124.8,126.1,124.0,124.05,923038.0,1153.8,124.21044525671793
448,125.0,125.0,122.95,124.0,804735.0,997.33,123.9393863590864
449,122.5,126.85,122.2,124.4,2212399.0,2759.52,124.58065238331093
450,123.85,124.8,122.4,122.95,826188.0,1021.86,123.03055511368433
451,124.05,125.0,123.05,123.4,502421.0,621.51,123.49582788872732
452,123.9,125.0,122.1,123.45,760874.0,942.51,123.45537437778026
453,124.35,124.6,123.5,123.7,920060.0,1141.18,123.7404858880947
454,123.0,125.1,123.0,123.75,1090370.0,1354.02,123.8848937717078
455,124.35,124.5,120.75,122.5,1217621.0,1497.39,122.40267581972395
456,123.8,125.25,122.8,123.6,1486818.0,1846.66,123.68618552574758
457,121.45,124.85,121.1,124.0,1401882.0,1726.87,124.00628995615438
458,121.5,123.4,120.3,121.7,1343432.0,1636.0,121.76299139975691
459,124.65,124.65,121.55,121.85,1205710.0,1487.76,121.90424486649442
460,122.95,124.4,122.5,123.8,1616908.0,1998.63,123.8121656536402
461,122.8,124.2,121.5,122.45,1993986.0,2444.39,122.51849109194447
462,118.55,121.8,117.5,120.75,1738935.0,2098.12,120.7149988452112
463,116.0,119.2,115.6,118.8,1474301.0,1729.5,118.75356566368288
464,117.65,117.65,114.5,115.2,2220419.0,2571.17,115.20641594635842
465,118.8,118.9,116.85,117.75,2170944.0,2551.58,117.71363951347745
466,117.8,118.8,116.05,117.45,3411500.0,3996.57,117.43218161212117
467,120.1,121.8,114.9,115.8,1976322.0,2322.63,115.99525337956315
468,118.9,121.0,118.3,120.9,2008909.0,2408.65,120.82056142594706
469,121.7,122.8,115.2,118.4,1306586.0,1571.34,118.28560071847932
470,123.1,125.3,120.4,120.8,4703414.0,5766.07,121.03670573830018
471,119.8,119.8,114.25,116.9,2405650.0,2821.05,116.72060613185468
472,123.0,125.35,117.25,119.8,3058329.0,3676.04,119.8638924616682
473,124.0,127.1,123.65,125.3,2170482.0,2726.12,125.42610301167755
474,118.0,122.9,114.95,122.3,5272740.0,6252.64,121.95784183279514
475,130.0,131.0,126.55,127.95,2758553.0,3546.48,127.9668836177382
476,127.7,130.4,127.25,128.35,1948286.0,2510.17,128.5055529648863
477,131.0,132.0,126.0,126.4,4614456.0,5932.76,126.56773456040463
478,134.1,136.25,130.8,131.5,2063211.0,2736.84,131.7125176337164
479,138.0,138.0,134.5,134.95,2026448.0,2751.99,134.98510329914063
480,139.4,140.75,138.3,138.5,1497745.0,2087.7,138.6442828635564
481,140.65,141.0,139.0,139.2,428310.0,598.95,139.26260657936675
482,138.0,141.3,138.0,139.5,2281364.0,3195.54,139.64817590882487
483,139.5,141.2,135.65,138.0,8524741.0,11813.66,137.9497173542278
484,148.0,151.2,144.05,144.5,3586046.0,5290.8,144.84718509287987
485,149.05,151.75,148.4,149.95,3234883.0,4848.43,150.03819790748656
486,152.9,156.0,152.0,153.5,2715234.0,4200.26,153.6393813242443
487,152.45,154.2,151.15,151.95,1751366.0,2667.13,152.05671079815244
488,155.95,156.65,151.95,152.5,2780284.0,4276.92,152.59016345269873
489,152.0,157.7,150.85,154.15,6685790.0,10411.71,154.31172516247528
490,150.95,152.7,150.75,151.4,2736835.0,4153.1,151.49624320123797
491,153.0,154.25,149.2,150.15,3180180.0,4826.62,150.24021555172897
492,149.0,154.2,147.4,153.3,3968866.0,6001.16,153.11821765909866
493,151.45,153.0,145.1,147.5,3116651.0,4631.63,147.50162121068826
494,151.9,153.95,151.1,152.15,2063455.0,3145.51,152.24284521701753
495,152.3,154.5,150.6,151.4,4097231.0,6233.4,151.54977770803256
496,153.95,155.45,148.6,151.25,6256632.0,9528.1,151.17775148166874
497,141.95,154.4,140.45,152.85,9741635.0,14554.9,152.55795284310912
498,142.5,143.25,138.75,142.0,2678079.0,3782.65,141.7658085916185
499,140.95,143.15,139.8,142.45,1927658.0,2741.0,142.37560668026407
500,136.95,140.9,136.2,139.55,1471713.0,2041.23,139.55603888364433
501,147.9,148.0,134.35,137.4,4753568.0,6621.12,137.3409765270416
502,148.1,149.15,145.6,146.85,6464628.0,9527.29,146.8425983202499
503,140.9,146.4,140.55,146.25,3316650.0,4746.09,146.10084970703306
504,143.45,144.25,140.0,140.45,2769361.0,3938.54,140.55640909585756
505,138.9,144.0,138.1,142.25,3538509.0,5004.07,142.26229477383689
506,139.15,139.95,137.7,138.55,1204798.0,1671.52,138.56998388660335
507,138.0,140.35,137.6,138.0,1635459.0,2272.11,138.2018378020797
508,139.7,140.35,137.5,137.65,1787917.0,2480.4,137.75576981545714
509,139.85,141.3,138.95,139.55,1362666.0,1906.02,139.65074086553162
510,138.35,141.7,137.85,139.7,3029995.0,4235.35,139.8184440825718
511,137.35,138.5,136.3,137.0,1451283.0,1991.88,137.06342438891912
512,135.2,138.2,135.1,137.5,1045853.0,1429.46,137.51709314695523
513,137.9,138.4,134.95,135.5,2248691.0,3060.59,135.5583751944885
514,142.2,142.7,138.8,139.5,1199464.0,1687.44,139.5522955334861
515,142.25,143.5,141.8,142.25,1155009.0,1647.0,142.33882164125026
516,141.75,144.2,141.3,142.5,2381717.0,3401.42,142.60962231213296
517,141.9,143.25,141.25,141.7,1300643.0,1852.52,141.80278965554507
518,141.4,142.6,141.0,141.8,1681308.0,2384.65,141.8380913590176
519,140.25,143.35,140.0,141.1,2493654.0,3534.56,141.28134274060028
520,140.1,141.6,140.0,140.1,1401308.0,1969.16,140.24830009868617
521,139.65,140.75,138.75,140.1,1832319.0,2561.91,140.0726061070759
522,140.55,141.15,137.8,139.05,1604324.0,2231.58,139.02888751712726
523,141.0,141.7,138.9,139.8,1468343.0,2058.33,139.81698859060933
524,143.4,145.5,140.1,140.6,4868511.0,6958.79,140.81555796417402
525,140.4,142.45,139.8,140.2,2956023.0,4163.7,140.37040064572648
526,138.7,141.0,138.4,139.9,1282978.0,1791.19,139.9607667711233
527,142.0,142.05,138.0,138.4,1398679.0,1947.98,138.4580941408044
528,139.85,141.85,138.75,141.05,2298138.0,3228.51,140.99687942125337
529,138.45,139.55,137.85,138.75,901208.0,1250.08,138.77529026776403
530,138.8,139.4,137.15,137.7,778141.0,1074.7,137.7436691763835
531,136.9,139.1,136.1,137.65,1518494.0,2088.3,137.70629383717466
532,137.8,139.45,136.0,136.75,1024054.0,1414.49,136.8750171650899
533,137.5,139.25,135.75,137.9,1140212.0,1568.72,137.86162233392457
534,144.25,144.5,137.25,137.45,3289526.0,4614.1,137.61236605577807
535,143.9,147.0,139.15,142.7,8549636.0,12302.18,142.65704114582655
536,138.55,143.5,138.4,142.7,2430227.0,3446.81,142.66893944383023
537,138.5,140.65,138.5,139.45,1427614.0,1988.02,139.55615812892725
538,136.0,139.4,135.5,138.15,1515003.0,2088.78,138.18254456857426
539,138.4,140.05,135.1,135.6,1451654.0,1996.69,135.78817312280898
540,141.0,141.8,138.1,138.4,1175233.0,1646.87,138.51997350039
541,143.0,144.85,138.25,141.0,1987955.0,2823.73,140.9605293793831
542,140.9,144.7,139.2,142.5,3056272.0,4351.61,142.5107371366483
543,138.0,142.25,136.55,140.1,3754038.0,5255.56,140.1171741027463
544,131.45,138.75,131.45,137.65,3576969.0,4878.82,137.6119854688017
545,133.45,134.55,130.55,131.2,1271947.0,1687.67,131.30986943550897
546,131.75,134.0,131.2,133.25,1656721.0,2195.84,133.24621117423771
547,131.9,132.9,131.2,131.3,2012357.0,2649.89,131.41491024165416
548,134.8,134.8,131.15,131.55,1884426.0,2501.25,131.59690809637408
549,130.35,134.8,130.35,133.9,1887075.0,2518.99,133.91499701278676
550,131.5,131.5,128.8,130.95,3903542.0,5074.0,130.75444106928495
551,133.0,133.45,129.15,129.55,2283784.0,3004.79,129.64500124412282
552,134.0,134.5,132.25,132.6,1587827.0,2112.71,132.65992265557884
553,132.9,133.3,131.6,132.9,1093389.0,1448.93,132.8256884188273
554,132.9,133.8,131.1,132.2,1306338.0,1726.29,132.20992775246884
555,133.45,135.15,132.5,132.75,1612081.0,2157.91,132.92160020648484
556,134.0,135.0,132.7,133.1,1689644.0,2259.91,133.19204875847697
557,134.45,134.6,131.45,132.55,1296935.0,1718.88,132.5132536956883
558,133.5,136.4,133.45,134.4,2125346.0,2871.1,134.58061624726997
559,134.25,136.15,133.2,133.75,942568.0,1269.1,133.90891940466238
560,135.6,135.8,133.8,134.5,1144671.0,1539.68,134.48964005790515
561,132.0,136.75,131.5,134.25,5379977.0,7243.79,134.38951232599658
562,130.5,131.95,129.45,131.6,2810587.0,3671.52,131.51326978160566
563,128.15,130.9,128.1,129.55,2735697.0,3551.68,129.65508305190332
564,127.5,128.6,126.75,128.25,2563561.0,3275.46,128.20435002015782
565,124.75,126.4,124.3,125.95,2162032.0,2715.77,125.9359036742225
566,120.5,124.85,117.1,123.4,3585896.0,4327.25,123.14524706505458
567,127.5,128.15,125.6,126.4,1408701.0,1784.79,126.42687009152917
568,125.6,128.65,124.7,127.0,2792498.0,3546.81,127.05095530032276
569,126.3,126.8,125.1,125.15,447117.0,563.25,125.24221637438303
570,124.55,127.15,124.55,126.0,732869.0,923.88,126.09857975871604
571,126.5,128.35,124.7,125.4,1717907.0,2178.65,125.5538215717296
572,126.9,128.55,123.8,125.8,1489092.0,1881.45,125.80528296980437
573,127.25,128.15,126.6,126.75,1662070.0,2116.66,126.85155109004216
574,129.4,129.5,126.0,126.35,2902578.0,3705.09,126.40611038742304
575,122.0,129.0,122.0,127.9,4305954.0,5461.09,127.872055866534
576,125.3,126.0,122.7,123.75,900666.0,1119.05,123.77016243591018
577,127.3,127.45,124.6,125.05,2825223.0,3554.62,125.08408052339905
578,119.3,126.5,118.9,126.0,2390316.0,2952.57,125.86223140832914
579,119.4,120.35,118.85,119.7,690551.0,826.5,119.72573359918026
580,120.35,121.2,118.6,119.35,866406.0,1034.82,119.40470901604641
581,120.95,122.1,119.7,120.35,1783456.0,2152.68,120.43134906642477
582,118.5,119.8,117.65,119.65,549738.0,651.64,119.57680426293484
583,118.2,119.45,117.85,117.9,581341.0,689.22,118.04965801530274
584,117.8,119.1,117.55,118.1,658231.0,777.45,118.19085502923272
585,118.0,119.65,117.3,117.9,692008.0,819.71,118.02916085484961
586,118.1,119.4,116.85,117.05,676137.0,797.88,117.206565316635
587,120.0,120.25,118.15,118.35,1383549.0,1646.87,118.41401548379159
588,120.0,121.0,119.15,119.5,1787665.0,2143.66,119.59472364603172
589,121.7,122.2,119.7,121.7,1438192.0,1732.8,121.57011505577333
590,120.5,124.1,119.7,120.5,1396870.0,1705.09,120.79436123630036
591,119.9,121.15,119.5,120.1,466672.0,561.05,120.18291450736803
592,120.0,122.0,118.95,119.8,1085102.0,1306.62,119.93848757266994
593,120.0,121.75,119.55,120.65,641976.0,776.14,120.72107577402346
594,121.0,121.4,119.6,120.5,1068540.0,1287.08,120.48310025907193
595,119.55,121.0,118.45,120.75,688646.0,825.83,120.65945111083558
596,118.0,120.7,118.0,119.5,1103386.0,1319.18,119.60416309970512
597,117.75,119.2,117.25,119.0,596225.0,704.54,118.96433590793693
598,117.0,118.25,116.3,117.5,622661.0,731.78,117.51706311070524
599,119.0,119.95,118.0,118.4,526190.0,625.29,118.49205270323007
600,118.9,120.4,117.45,118.6,1207381.0,1437.25,118.66198146271499
601,116.55,119.5,115.8,118.7,654231.0,772.29,118.676447737577
602,117.0,117.8,115.3,117.0,745000.0,868.5,116.93417638876494
603,119.8,119.8,116.3,116.65,894057.0,1054.9,116.71083942922222
604,121.6,122.55,119.15,119.2,1356187.0,1638.36,119.36411505495857
605,119.35,121.8,119.0,121.7,717595.0,860.64,121.64119345702565
606,121.0,121.05,119.0,120.1,869948.0,1042.22,120.03874934773302
607,122.5,123.5,120.0,120.4,2142054.0,2587.18,120.52402805417591
608,122.5,123.95,121.95,122.4,1949554.0,2396.79,122.51778021782945
609,120.6,122.5,120.6,121.55,984070.0,1199.34,121.64232546694122
610,120.4,121.9,120.0,120.9,782130.0,943.57,120.96926998625625
611,119.0,121.85,119.0,120.3,716365.0,863.98,120.4442710632324
612,122.4,122.75,119.55,120.1,892645.0,1079.74,120.1543982619324
613,120.2,123.2,119.55,121.8,1572869.0,1904.59,121.85376173311133
614,120.85,121.0,119.1,120.4,765331.0,918.68,120.31870879565153
615,119.05,121.35,118.95,120.5,928735.0,1116.52,120.5612079476744
616,119.5,120.1,118.05,118.6,788617.0,938.67,118.64851900777482
617,118.0,120.25,117.85,119.35,1050521.0,1254.56,119.4136754504026
618,118.5,119.0,117.0,117.6,648096.0,765.29,117.6347063175937
619,118.1,120.4,118.1,118.4,1147382.0,1370.59,118.61195279036387
620,119.6,120.0,115.0,118.35,1327276.0,1576.32,118.10587899052973
621,121.0,121.15,118.0,118.2,1663091.0,1986.04,118.2791689467443
622,122.85,123.45,120.75,120.85,831737.0,1013.25,120.96686694973315
623,122.0,124.2,120.2,122.15,1532533.0,1873.57,122.18779244821876
624,122.0,122.3,120.3,121.2,1627181.0,1972.21,121.17771253022062
625,119.9,125.0,119.5,121.45,1922207.0,2319.85,121.73965132281751
626,119.1,120.4,118.4,119.0,3588313.0,4282.06,119.08417673292219
627,120.0,121.0,118.5,119.05,1382616.0,1653.92,119.13655767928702
628,121.6,122.15,118.65,119.5,1230385.0,1478.76,119.53870967508956
629,121.05,123.3,120.45,121.5,1469400.0,1792.49,121.62621363459955
630,119.2,120.9,118.75,119.7,839802.0,1006.63,119.78427360345235
631,116.5,119.65,115.95,118.6,2062464.0,2442.85,118.61725564293494
632,116.0,116.95,115.0,116.0,1396728.0,1617.02,116.01694311485866
633,115.7,116.1,114.1,115.25,964165.0,1109.23,115.21003033282845
634,116.0,116.4,115.0,115.7,1082982.0,1250.14,115.70089374054317
635,116.05,117.35,113.9,115.5,1609295.0,1852.75,115.50336124906502
636,116.55,117.6,115.05,115.95,1170769.0,1358.32,116.0010052454635
637,117.8,118.1,115.4,116.9,1177827.0,1370.57,116.82391779295442
638,115.65,117.5,114.55,116.7,1555016.0,1812.31,116.66600565749404
639,114.3,116.4,113.1,115.6,1677380.0,1927.34,115.55017221234398
640,110.0,113.9,109.15,113.75,1377634.0,1536.64,113.61416987961289
641,110.5,111.25,107.95,109.85,1260507.0,1382.47,109.77579913673166
642,110.0,112.75,109.45,109.6,1220668.0,1351.06,109.89095940245542
643,104.2,109.5,104.2,109.0,1481271.0,1591.12,108.95993234648677
644,105.0,107.1,101.6,103.8,1639500.0,1719.38,103.84247301108935
645,107.95,108.5,103.8,104.8,2381968.0,2512.03,104.85120592031268
646,107.8,108.05,102.5,107.2,9364686.0,9939.52,106.77245434283387
647,106.2,108.3,105.0,106.8,758132.0,809.55,106.84312457057013
648,109.0,109.5,105.1,106.5,1037357.0,1111.6,106.4951385444804
649,107.3,109.85,107.0,109.0,1151733.0,1253.34,109.04021218620824
650,105.0,108.2,104.25,107.25,1340622.0,1431.57,107.24216144362896
651,105.4,106.5,102.5,105.0,1429030.0,1493.94,104.89660914304054
652,103.0,104.6,101.1,104.35,1268061.0,1304.05,104.18233940142434
653,107.7,108.9,102.2,102.6,1341261.0,1412.03,102.8229283303486
654,105.1,108.45,105.1,105.9,1091675.0,1163.62,106.16026284617391
655,103.25,106.4,100.0,104.45,2087141.0,2152.86,104.31549914658119
656,112.7,115.8,102.4,107.0,5524328.0,6005.93,106.98839132519073
657,120.5,121.0,116.45,118.65,1654991.0,1954.04,118.54258925248169
658,123.0,124.4,120.1,121.25,1109232.0,1349.0,121.33382751506198
659,123.05,126.1,122.5,123.85,1227619.0,1528.91,124.01654096450726
660,121.9,123.95,121.45,123.5,797137.0,976.55,123.48247343491224
661,123.1,123.4,120.4,122.5,1120485.0,1366.68,122.35473787624636
662,123.05,124.8,121.0,121.65,877186.0,1080.52,121.81071804502687
663,127.4,127.7,123.55,124.1,734748.0,923.04,124.17058593423164
664,126.8,128.3,125.2,126.6,592819.0,752.61,126.63306149524539
665,124.1,127.45,123.35,126.75,925581.0,1162.35,126.69965076208914
666,124.95,125.4,122.6,123.2,1539708.0,1901.94,123.24298181691432
667,124.95,125.95,123.3,124.45,655053.0,815.65,124.46653577521278
668,125.85,127.0,123.4,124.15,682689.0,855.91,124.24815361191301
669,123.85,126.9,121.95,125.3,1084192.0,1349.05,125.2523607371308
670,123.05,124.55,119.5,121.55,1322358.0,1613.85,121.54736265050568
671,124.6,124.6,120.5,122.8,1278069.0,1560.91,122.63168022026397
672,122.95,127.0,121.55,126.45,1411260.0,1766.28,126.29798524487302
673,128.0,129.0,121.05,122.0,2065711.0,2571.55,122.15627313414163
674,135.0,135.4,127.5,127.65,1756768.0,2297.61,127.85574707232786
675,132.1,136.25,131.15,133.9,1431102.0,1916.53,134.00648024536156
676,141.75,141.95,130.3,135.4,1907971.0,2586.28,135.06565684304644
677,142.4,143.45,138.05,139.9,1353097.0,1896.92,139.88627276273291
678,143.2,144.0,140.95,141.6,1201860.0,1714.3,141.66087811887306
679,140.65,146.75,140.1,144.1,1284440.0,1841.84,144.23136612600803
680,144.1,144.7,139.0,139.5,1034747.0,1461.84,139.62545695263455
681,147.1,149.8,144.5,145.2,834054.0,1225.47,145.44867440348108
682,144.0,149.5,142.2,148.65,1502760.0,2195.84,148.44810894131962
683,145.9,147.2,142.25,143.0,950484.0,1367.84,143.12954047814145
684,146.05,148.8,145.5,146.4,781067.0,1148.71,146.58265838674646
685,147.0,148.0,144.2,146.5,1464755.0,2140.74,146.38769749597546
686,142.5,147.4,141.5,146.25,1746109.0,2531.27,146.17917237874562
687,144.4,144.4,141.2,141.9,1260484.0,1794.94,141.89733154426233
688,144.9,145.25,143.45,143.85,780709.0,1125.27,143.87995489938217
689,143.0,146.45,142.0,144.6,1428993.0,2070.14,144.65184769951458
690,142.0,142.8,141.05,142.15,561726.0,796.72,142.12903315574889
691,143.6,144.0,140.3,141.0,609093.0,864.77,141.04192517588572
692,141.55,144.3,141.3,142.95,1040800.0,1486.74,143.034890089073
693,142.45,144.0,141.0,142.2,1147660.0,1633.27,142.24915295306377
694,137.6,142.8,136.3,142.35,1707401.0,2391.93,142.15870019755795
695,134.4,138.85,134.15,137.2,1191657.0,1629.29,137.2827712503572
696,134.85,134.85,132.75,134.0,589790.0,789.08,133.91198915885988
697,131.9,135.0,131.65,134.2,773849.0,1035.44,134.21463756051972
698,135.3,135.8,131.2,133.5,836942.0,1118.18,133.3769888430367
699,132.15,135.8,131.9,135.0,704236.0,947.59,135.00123459969652
700,135.15,136.3,130.4,132.2,1152536.0,1547.19,132.2158154726644
701,134.95,138.5,134.5,134.6,1271238.0,1729.0,134.96045686562644
702,134.1,135.8,134.1,135.2,476940.0,644.25,135.24960412751972
703,134.0,135.0,132.75,133.6,758581.0,1014.28,133.63932438043173
704,136.1,136.8,134.2,134.9,689892.0,932.1,134.9424978157452
705,136.4,137.8,135.0,135.95,565383.0,771.53,136.01930518010505
706,138.05,139.1,135.0,135.85,911482.0,1240.7,135.93302336986767
707,138.0,138.1,135.9,137.55,849968.0,1165.48,137.42015250265933
708,134.9,138.4,134.9,136.95,1152280.0,1578.15,137.05646606696064
709,134.6,136.25,134.15,136.0,1904180.0,2570.62,135.95719323696497
710,133.0,135.7,132.5,134.65,613392.0,825.13,134.68032633518257
711,134.8,135.0,131.25,133.15,842444.0,1119.09,133.0342375569007
712,131.05,136.0,131.05,134.25,1149754.0,1547.91,134.35945980342487
713,129.6,131.4,129.25,131.25,488288.0,637.58,131.2091759635266
714,133.65,133.65,128.1,128.2,922793.0,1205.33,128.33167692225865
715,129.7,134.0,128.3,133.95,1152357.0,1523.05,133.72804468872363
716,127.8,129.4,126.5,128.0,580961.0,744.3,128.02326191030568
717,128.0,129.0,126.25,127.75,737584.0,940.98,127.72410123183492
718,126.7,130.0,126.7,128.2,100180.0,128.04,128.36239712526893
719,127.3,128.45,125.3,125.7,525833.0,666.03,125.83062481239178
720,124.9,129.45,123.0,129.15,1107840.0,1418.14,128.90526334575964
721,126.8,128.25,124.75,125.85,858491.0,1083.85,125.92433151449399
722,131.75,132.6,127.5,127.5,892494.0,1160.19,127.69844356816246
723,132.0,133.5,131.4,131.85,557561.0,739.23,131.97422553980874
724,133.3,134.15,130.8,131.5,519168.0,686.8,131.57301884380013
725,134.0,135.0,130.95,132.6,621684.0,822.29,132.5830994500666
726,137.0,137.25,131.0,134.4,774022.0,1040.85,134.16061600433633
727,135.9,138.5,134.8,136.05,2084196.0,2844.74,136.18747632513984
728,135.8,136.95,135.0,135.75,593469.0,807.08,135.80571982680462
729,138.7,139.1,135.1,135.55,881996.0,1204.09,135.63079743121185
730,138.4,140.2,137.2,138.9,734224.0,1020.96,138.91026271268834
731,138.7,140.0,136.85,138.0,413539.0,572.15,138.04480438760237
732,139.7,139.7,135.6,137.45,589717.0,812.5,137.3319919662714
733,134.7,141.9,134.65,139.0,2469431.0,3446.98,139.18292500106168
734,133.6,135.1,133.25,134.45,405056.0,544.71,134.47629234863712
735,135.0,135.2,132.6,133.65,357403.0,477.91,133.61386246704294
736,134.2,135.0,133.2,134.3,591991.0,794.31,134.2838488346915
737,133.0,135.0,132.4,134.2,1428493.0,1914.35,134.20375140881873
738,134.55,134.7,131.7,132.05,1028678.0,1368.62,132.10278685592962
739,135.0,136.0,133.9,134.5,566886.0,764.14,134.5668057709621
740,134.0,135.35,133.35,134.6,1317037.0,1775.0,134.60857443893525
741,134.9,134.9,131.85,133.8,846622.0,1126.76,133.64693674985034
742,132.1,133.95,131.6,132.6,994870.0,1320.85,132.68703423262383
743,132.5,132.55,129.6,130.8,1009128.0,1321.99,130.74095423272334
744,131.45,132.45,130.1,131.85,746173.0,980.21,131.78251096433016
745,128.95,131.2,127.4,129.85,1218988.0,1576.66,129.82323147651817
746,127.4,129.4,126.65,127.65,915110.0,1171.44,127.76012358352135
747,126.5,127.6,123.1,126.0,1009942.0,1269.48,125.84981606489073
748,125.0,128.0,123.8,127.1,1253307.0,1587.58,127.03627559938356
749,124.8,125.95,123.65,124.0,1011551.0,1258.15,124.11667082937156
750,123.35,125.35,122.25,124.95,1055109.0,1308.78,124.86111605076361
751,126.2,127.0,122.9,124.0,1284630.0,1605.09,124.03807392170441
752,123.05,126.2,123.05,125.3,623623.0,782.08,125.35548805514486
753,124.0,126.0,122.9,125.3,1284690.0,1602.92,125.24675386969027
754,126.95,126.95,122.15,123.0,695624.0,859.2,123.02659093069398
755,124.05,126.45,124.05,125.0,939558.0,1176.89,125.13980068889697
756,124.1,124.5,121.65,124.1,789201.0,970.86,123.91655357373253
757,124.8,125.3,122.7,122.95,784377.0,972.27,123.03786701701728
758,122.0,124.6,120.0,123.35,1042265.0,1276.1,123.26161456292178
759,122.1,124.5,121.55,123.2,1569358.0,1940.34,123.26524657233028
760,121.4,122.1,117.0,120.7,1414288.0,1692.06,120.43658024206977
761,121.6,122.45,118.35,119.9,1349442.0,1626.4,119.88871454753931
762,124.55,124.55,116.75,120.75,2496844.0,2994.97,120.45396100932189
763,120.75,125.0,119.0,124.6,4688477.0,5772.22,124.37907319937096
764,116.1,119.35,115.5,118.65,1927201.0,2277.36,118.6175452753904
765,118.75,118.75,114.05,115.05,2716732.0,3164.18,115.05297074178844
766,117.8,120.15,116.85,119.7,2010188.0,2394.47,119.6230032517924
767,118.35,120.4,117.0,117.85,3490011.0,4145.58,117.99273036126564
768,119.25,119.45,115.9,116.3,6857158.0,8010.0,116.35071004814233
769,117.95,119.8,115.15,116.7,1404188.0,1656.95,116.77804701440061
770,116.1,119.4,108.55,117.75,5056575.0,5810.86,117.12955923848097
771,128.9,128.9,112.5,115.5,3763375.0,4533.74,115.51767411896138
772,131.5,132.2,127.0,130.0,1043785.0,1359.79,129.8209950833292
773,133.3,135.0,131.75,132.5,1354813.0,1801.53,132.62515524890307
774,134.5,134.8,131.5,132.75,1504926.0,2003.37,132.70870940276856
775,134.2,136.4,132.55,134.35,2189190.0,2943.2,134.39392762897825
776,132.5,132.9,130.7,131.3,798673.0,1050.35,131.32439577282423
777,131.2,133.7,129.75,132.2,1714304.0,2261.48,132.19239830313177
778,134.5,134.75,129.4,130.1,1074691.0,1418.21,130.1712286723292
779,137.7,137.7,132.1,132.8,1197225.0,1614.87,132.85613186142712
780,139.2,140.8,136.2,136.8,1269206.0,1750.14,136.964452026755
781,142.0,142.65,138.25,138.85,1248444.0,1752.87,138.9372155420742
782,142.95,145.0,141.6,141.75,992867.0,1417.95,141.97507897081266
783,142.0,147.3,141.0,143.5,3835649.0,5520.4,143.73596955932075
784,144.2,144.65,141.8,142.2,1550830.0,2216.78,142.25874713197044
785,143.4,144.75,141.0,143.05,2117898.0,3027.33,142.99260611976993
786,141.4,143.85,140.25,140.8,1673236.0,2374.57,141.00858527398617
787,136.0,142.8,135.35,140.0,2328615.0,3262.18,140.12061537645087
788,137.7,137.7,135.5,137.15,1848759.0,2523.61,137.00883436101645
789,138.15,138.9,137.25,138.75,1150281.0,1589.08,138.67341558471264
790,137.8,138.5,136.15,137.25,1294926.0,1779.17,137.23442456147353
791,140.6,140.6,136.75,137.3,1245996.0,1720.29,137.3326616484021
792,140.85,142.3,140.1,140.25,1542474.0,2176.94,140.40124339468971
793,139.95,142.2,139.4,140.85,2009103.0,2839.13,140.91411464617903
794,137.0,140.0,134.5,139.5,1310150.0,1823.96,139.25129515913227
795,140.1,141.9,136.9,137.25,1965237.0,2742.65,137.4660222095021
796,138.2,142.55,138.2,141.45,2394358.0,3378.35,141.4858300074856
797,138.9,140.0,137.25,138.75,2108950.0,2921.63,138.72074017002012
798,138.95,138.95,136.6,138.05,804974.0,1109.54,137.94034296519192
799,137.5,139.5,136.6,138.5,1530200.0,2113.74,138.49569080954197
800,137.0,138.2,135.75,137.1,1974367.0,2707.3,137.09126793532698
801,134.9,137.8,134.25,136.8,1720786.0,2348.59,136.798990547578
802,134.8,135.6,133.8,134.7,1590741.0,2140.22,134.7041835246459
803,134.9,135.7,133.2,134.45,1049069.0,1413.1,134.42940085002903
804,136.1,138.0,134.2,134.65,1608817.0,2183.57,134.83718700005352
805,135.6,141.65,135.1,138.05,3133999.0,4355.13,138.29918303789935
806,133.1,135.6,132.2,134.9,1260314.0,1687.12,134.84987805567093
807,137.5,138.6,135.25,135.8,1032972.0,1412.33,135.9061076641309
808,135.45,138.05,135.1,136.9,1826569.0,2501.0,136.9539868817571
809,132.5,136.1,131.3,134.95,2667661.0,3586.44,134.89284111300904
810,129.75,132.75,129.15,132.0,4332991.0,5696.62,131.96349234544874
811,132.0,132.0,128.2,129.6,1397938.0,1809.6,129.53100488061077
812,133.2,135.0,132.3,133.55,928889.0,1240.8,133.61037087699856
813,132.9,136.4,132.6,136.0,2736280.0,3687.65,135.9425449808557
814,133.35,135.25,132.5,133.0,1696146.0,2271.11,133.15796203062285
815,135.6,135.9,133.0,134.0,2115793.0,2837.31,133.97724451339403
816,133.75,136.45,133.7,134.9,1019044.0,1377.75,135.0345668083031
817,133.2,136.2,132.65,134.05,1278156.0,1720.83,134.20019425083868
818,132.95,133.9,132.3,133.2,970883.0,1292.67,133.214184720994
819,129.3,134.15,128.85,132.15,2239733.0,2962.18,132.24442339213437
820,128.95,129.5,126.8,129.15,1341209.0,1716.65,128.98218528519047
821,127.85,130.9,127.1,128.5,1933262.0,2490.3,128.65994901223425
822,133.6,134.45,125.7,127.9,2641286.0,3422.1,127.90495383454308
823,137.0,137.75,133.6,133.9,1586596.0,2149.62,134.02696742436626
824,137.6,138.7,136.0,136.4,799419.0,1095.41,136.51044971250866
825,135.0,138.9,134.0,137.2,877704.0,1200.24,137.22863962017325
826,138.8,138.8,134.0,134.9,1937914.0,2617.89,134.9097805120784
827,137.9,139.7,136.85,138.2,756591.0,1047.42,138.24990952536535
828,137.65,138.6,136.0,138.05,2132044.0,2926.25,137.93913198480067
829,140.6,141.2,136.5,137.0,2271136.0,3142.58,137.09923631272065
830,145.0,145.75,140.0,140.05,2077218.0,2965.56,140.23828548293488
831,145.3,146.4,144.8,145.05,569531.0,827.64,145.15074394108194
832,143.05,146.65,143.05,146.1,1343454.0,1949.39,146.08870382119596
833,149.4,150.3,143.0,144.6,5132085.0,7496.33,144.62982352648885
834,147.4,150.0,147.4,148.95,909189.0,1353.39,149.02435092416883
835,146.8,149.7,146.8,148.5,1118631.0,1662.47,148.58475193148604
836,147.5,149.45,146.75,146.75,872187.0,1292.69,146.96812109421793
837,147.0,149.15,146.55,147.8,1010894.0,1497.68,147.87713801704734
838,146.15,147.5,145.05,146.85,702795.0,1028.35,146.79791779166976
839,147.45,148.75,144.55,146.05,1648427.0,2418.83,146.0665330944084
840,147.8,149.25,146.8,147.45,1138811.0,1688.58,147.54381385506815
841,147.75,150.45,147.65,147.95,1497623.0,2226.75,148.18710139980521
842,146.85,148.5,145.45,146.1,2232739.0,3278.78,146.21845037186336
843,145.05,146.9,143.65,146.45,1373721.0,2005.47,146.3288470358611
844,143.15,145.9,143.05,144.25,2227212.0,3217.77,144.38087665037204
845,143.3,145.5,139.4,142.65,3019872.0,4303.91,142.55954574347862
846,141.4,143.9,140.55,143.1,2341680.0,3334.45,143.05846334202954
847,139.0,141.85,138.3,140.95,1572681.0,2211.64,140.931450636325
848,139.0,140.45,136.6,137.65,2366296.0,3275.22,137.7264177636223
849,144.25,144.95,138.75,139.9,2281538.0,3207.9,139.95957176269525
850,143.85,145.9,143.5,144.6,1785800.0,2584.34,144.681760602182
851,143.4,144.9,142.55,143.45,1103984.0,1584.73,143.51696338604134
852,142.25,143.15,140.4,142.8,2456804.0,3487.14,142.6421132223795
853,142.25,143.35,141.5,142.4,1836583.0,2617.78,142.42298591517348
854,141.6,144.15,141.0,141.9,3701269.0,5266.83,142.0543300165216
855,147.65,148.15,141.4,141.8,3007045.0,4300.52,141.9444376585697
856,150.65,150.65,146.2,146.7,1179218.0,1748.12,146.74779397224614
857,151.0,152.5,149.9,150.0,2312755.0,3494.39,150.1617589778309
858,150.9,151.75,145.85,148.85,2719219.0,4056.15,148.681440171396
859,152.9,154.65,149.65,150.2,3096387.0,4690.1,150.37611473989188
860,157.3,157.75,151.2,152.9,1753170.0,2696.67,152.87675923700277
861,159.25,161.2,157.0,157.25,1223180.0,1947.21,157.46451612680625
862,158.9,160.25,156.05,159.35,1373494.0,2177.09,159.14481617568939
863,161.45,163.5,157.85,158.65,4215595.0,6782.77,158.8228851303336
864,161.65,162.75,158.6,160.55,3122578.0,5017.83,160.48102240445021
865,152.7,162.5,152.05,160.9,6349564.0,10128.78,160.77193205036974
866,152.35,153.0,151.0,151.95,852909.0,1296.8,151.9356126155309
867,151.8,153.7,150.8,151.9,1142129.0,1737.96,151.98071695334323
868,152.4,152.4,149.9,151.25,1810409.0,2737.89,151.14503721731492
869,151.95,152.1,149.8,152.1,843471.0,1273.34,151.88961280961735
870,148.8,151.95,148.8,151.0,575050.0,867.44,151.04929225472304
871,150.25,151.2,148.3,148.85,1383972.0,2073.89,148.9266177033333
872,147.1,150.25,146.55,150.25,818899.0,1214.3,150.12771097585613
873,148.45,149.2,142.7,145.75,2099157.0,3052.8,145.58563012181472
874,148.05,149.55,146.5,147.25,2029247.0,3012.11,147.34513501442174
875,148.0,149.4,147.75,149.0,1566031.0,2326.57,148.99613413612332
876,147.35,148.95,146.2,148.5,1328198.0,1961.73,148.40897590997716
877,149.8,150.55,146.9,147.0,1229406.0,1821.99,147.13497524427513
878,153.75,153.75,149.0,149.75,1834524.0,2762.52,149.7696289551214
879,156.65,157.35,152.7,153.1,1776564.0,2744.14,153.21151990516285
880,156.9,158.25,155.4,155.8,1268390.0,1989.44,155.9210313047086
881,155.25,157.3,155.25,156.5,1416285.0,2211.87,156.5510632213522
882,154.95,155.65,152.85,155.0,1343251.0,2069.88,154.85708390319303
883,160.95,161.1,153.55,155.25,2248388.0,3513.26,155.22314293082957
884,158.5,161.4,157.85,160.2,2130596.0,3406.94,160.20943059834437
885,157.35,159.5,156.7,157.5,1773712.0,2802.86,157.62831542386502
886,159.65,161.0,155.8,157.75,1354766.0,2151.99,157.7331215632987
887,159.05,162.85,157.25,158.8,2281047.0,3668.1,159.0212282126198
888,157.9,161.4,156.1,159.35,1419036.0,2253.68,159.3378856270258
889,164.0,164.35,157.0,157.2,2204041.0,3543.11,157.36606676933295
890,158.5,164.9,157.15,163.2,4314580.0,6991.32,163.1044695808196
891,155.5,158.9,155.0,158.5,1211587.0,1902.4,158.4196831602522
892,156.75,157.0,152.8,155.3,816168.0,1263.62,155.11401557181216
893,153.4,156.55,153.15,156.45,1540677.0,2393.9,156.36352515904375
894,153.9,154.5,151.9,153.5,2960597.0,4531.01,153.40582563505876
895,155.55,156.25,153.1,153.9,1546220.0,2388.09,153.92953333849
896,156.0,157.3,153.6,154.9,1404899.0,2178.49,154.92627424439996
897,160.95,161.5,155.3,155.5,1614558.0,2559.44,155.65892709044115
898,157.75,162.25,156.6,159.8,2886605.0,4624.45,159.8703682941065
899,157.4,158.5,154.45,157.25,1377032.0,2161.16,157.08468584724858
900,155.5,158.0,155.05,156.6,1122120.0,1762.78,156.6699047786443
901,157.85,157.95,154.75,155.3,696970.0,1087.98,155.31898365847448
902,155.65,158.95,154.85,157.3,1565871.0,2463.48,157.3438873608194
903,154.95,156.8,153.2,155.5,1727098.0,2675.02,155.44165299333602
904,151.2,154.7,151.2,154.65,1131718.0,1735.14,154.57663298038582
905,148.9,153.15,148.0,151.8,1719968.0,2596.83,151.7764977486538
906,151.5,152.9,148.7,149.35,1470539.0,2209.3,149.4770240012016
907,154.4,154.7,151.55,153.0,1392578.0,2126.97,152.92105737504087
908,159.25,159.8,153.5,154.2,2403931.0,3759.09,154.2972164953838
909,160.7,163.1,157.65,158.4,1567779.0,2516.83,158.61335999115258
910,164.0,164.5,159.2,160.0,1927234.0,3110.99,160.05787246055334
911,157.9,167.75,157.75,163.45,5423705.0,8901.67,163.7028992020416
912,158.95,162.4,154.05,159.75,4094370.0,6490.15,159.4909319078614
913,158.95,160.75,157.3,157.9,2823390.0,4476.22,158.03592560937318
914,158.8,159.9,157.65,158.45,1819031.0,2885.37,158.4859307948899
915,161.0,162.0,158.6,159.3,1634586.0,2614.45,159.36686344609447
916,159.15,162.15,156.9,160.5,2437301.0,3892.41,160.4009476278082
917,157.1,160.6,157.1,159.05,2326838.0,3695.01,159.15222001770724
918,157.4,159.4,156.65,158.0,2696995.0,4264.27,158.0441917109037
919,156.8,157.45,155.6,156.8,1211357.0,1895.53,156.74768145731434
920,154.3,157.8,154.3,156.4,1000172.0,1563.52,156.49128538603165
921,155.0,155.75,153.75,154.75,1299810.0,2007.98,154.73368784277469
922,156.6,157.6,154.05,155.15,1183917.0,1848.1,155.1755143775333
923,155.05,157.0,153.8,154.85,1383172.0,2140.11,154.94481093776267
924,157.55,157.9,154.2,155.4,1558189.0,2417.14,155.36580131329168
925,156.35,158.7,155.2,156.85,1647105.0,2590.49,156.90622273878287
926,154.5,157.7,153.3,155.1,4013444.0,6224.83,155.21267518059162
927,149.9,154.5,149.5,154.0,2292977.0,3501.39,153.91037426479303
928,147.2,149.2,146.0,148.55,2770541.0,4090.99,148.46257864246462
929,151.95,151.95,147.0,148.55,2390258.0,3565.59,148.4746023356244
930,151.65,154.5,151.65,153.15,1873161.0,2866.56,153.24862876290956
931,150.9,153.2,150.55,153.0,2043127.0,3114.04,152.93583720352822
932,150.95,151.75,150.35,150.5,535692.0,809.15,150.58329550904793
933,148.8,151.85,148.65,150.8,1347935.0,2033.66,150.84569208668466
934,148.8,149.6,148.1,149.0,747441.0,1113.03,148.9937170099998
935,147.15,149.9,147.15,148.6,913003.0,1355.87,148.701435875224
936,147.15,148.0,145.6,146.6,999836.0,1464.89,146.60563479731147
937,148.95,149.9,146.1,146.95,6940283.0,10234.09,146.98745743573483
938,147.8,149.05,146.75,148.7,1396448.0,2066.45,148.61478169845697
939,147.55,148.25,145.6,147.7,1657451.0,2437.44,147.562171089892
940,148.5,149.7,146.55,147.35,1456641.0,2155.17,147.4210456100296
941,146.45,149.0,146.35,147.6,1538715.0,2274.32,147.70632526689684
942,144.3,145.85,137.05,145.25,4975475.0,7111.7,144.5569307621202
943,150.7,152.2,143.3,144.55,2871674.0,4237.13,144.71340831963514
944,152.1,154.2,151.4,151.5,1510454.0,2301.64,151.71433684811848
945,155.2,157.0,152.5,152.8,1376256.0,2134.25,153.00537013078187
946,156.0,157.2,154.4,155.35,1006074.0,1568.11,155.3927895207484
947,154.0,157.4,154.0,156.05,1102295.0,1720.32,156.13730154758701
948,158.75,158.85,154.1,154.7,1339740.0,2092.18,154.74513787516335
949,160.95,161.45,157.7,158.15,1580445.0,2519.47,158.21833188280962
950,163.5,164.8,160.65,160.65,1451138.0,2363.59,160.84204381068957
951,163.7,164.2,161.4,163.15,1691661.0,2754.59,163.03506582523755
952,164.9,165.9,162.75,162.95,2826458.0,4640.58,163.0647916175086
953,159.7,164.25,157.2,164.0,3473392.0,5601.51,163.6609321311155
954,161.85,162.9,159.25,159.6,1893457.0,3041.02,159.71766790323466
955,162.25,163.9,159.65,161.2,3713876.0,6004.17,161.22055790329142
956,159.5,162.4,155.7,161.7,7062154.0,11306.09,161.3107804134209
957,154.05,155.8,153.25,154.9,1634296.0,2529.82,154.8906013096449
958,157.2,157.55,152.5,154.2,1704935.0,2627.56,154.1350357117508
959,157.0,158.3,155.75,156.6,1832296.0,2872.28,156.65258433215166
960,157.2,158.9,156.1,156.75,1541039.0,2423.46,156.8640968103554
961,157.1,158.1,154.6,156.95,1670273.0,2614.65,156.81857492116538
962,160.2,163.35,157.25,157.55,3713745.0,5966.47,157.88008592322004
963,160.5,161.35,158.6,159.45,1709932.0,2730.7,159.472165859123
964,154.35,161.9,154.35,159.95,4643861.0,7408.49,159.9921469966249
965,154.95,156.15,153.65,155.25,2634731.0,4078.76,155.19939437252074
966,156.7,156.95,154.0,154.25,2038270.0,3157.95,154.30585981809273
967,158.85,158.85,155.3,155.5,1887415.0,2959.17,155.55657859216277
968,158.7,159.65,157.4,158.0,1662143.0,2634.39,158.04997544488714
969,161.05,162.6,157.25,157.65,1570697.0,2497.12,157.8400727913869
970,157.9,161.5,157.0,160.75,2600609.0,4160.75,160.66017450768197
971,164.8,165.0,160.45,161.35,2428509.0,3948.85,161.35306135319118
972,161.0,164.2,160.1,163.3,2713036.0,4416.86,163.2362381433501
973,158.9,161.2,158.05,160.15,4750346.0,7604.24,160.12356288515096
974,157.15,158.95,156.9,157.25,4589900.0,7236.35,157.3772998544362
975,157.0,158.25,156.6,157.4,1079352.0,1700.6,157.4376719249405
976,156.75,157.55,156.05,156.35,1153614.0,1806.42,156.41158860417636
977,159.25,159.25,155.95,156.45,1019575.0,1603.41,156.46776159518336
978,157.6,159.0,157.1,158.15,526665.0,833.42,158.17623168190744
979,156.8,157.5,155.5,156.3,2010555.0,3147.75,156.30033364068146
980,154.1,156.35,153.4,155.75,2584790.0,4011.2,155.69715410566138
981,154.55,155.65,153.35,155.0,2073712.0,3207.19,154.93386479450706
982,152.75,153.9,150.8,153.25,3946921.0,6023.07,153.10055580838156
983,156.05,158.25,151.05,152.35,2254205.0,3500.78,152.52041283393442
984,158.4,159.3,156.0,156.0,1967222.0,3097.04,156.1427526337574
985,159.6,160.0,157.05,157.4,2022489.0,3195.34,157.45339104713312
986,160.65,163.9,158.7,159.85,3624666.0,5845.16,160.06278433490272
987,160.45,163.35,160.45,161.15,3216539.0,5202.87,161.34081592151838
988,158.0,161.0,157.75,160.1,1524087.0,2437.49,160.11307841400352
989,158.25,161.65,158.0,159.3,2284463.0,3656.4,159.47747128078296
990,160.0,162.0,158.4,158.7,1198264.0,1915.37,158.8980912411888
991,159.1,162.4,157.6,159.4,1917772.0,3068.51,159.53634581520217
992,160.0,161.9,158.3,159.0,2096263.0,3353.22,159.13736488565786
993,159.0,161.95,154.45,160.1,2924724.0,4637.96,159.79532271253169
994,165.4,165.65,159.1,161.2,2973253.0,4790.09,161.1028443836176
995,165.2,166.75,161.8,165.0,2219635.0,3644.9,164.83214810977506
996,170.2,171.8,163.65,164.9,3086572.0,5186.1,165.0418596891424
997,168.0,172.0,167.05,169.5,4342518.0,7371.9,169.59606113763724
998,165.7,172.9,164.1,168.95,6277667.0,10619.19,169.07207365339576
999,160.05,165.7,160.05,164.65,2243468.0,3674.2,164.63663425765063
1000,160.7,162.7,156.9,161.1,2748845.0,4396.31,160.86272219222732
1001,167.05,167.6,158.0,159.8,3786842.0,6123.67,159.82762492131934
1002,169.0,170.85,166.35,166.7,2733612.0,4600.91,166.88942383949183
1003,168.0,171.35,166.4,168.9,4325265.0,7303.7,168.94131956730928
1004,162.85,169.85,161.0,167.5,6185414.0,10330.87,167.40794900099715
1005,163.5,165.0,160.5,162.35,1964477.0,3201.93,162.33573738203611
1006,165.1,166.25,162.6,164.7,2016606.0,3317.68,164.60818130215554
1007,163.05,166.5,162.5,164.35,3403585.0,5606.74,164.4639325414741
1008,163.8,164.5,160.05,161.9,4436559.0,7205.7,161.8128388571662
1009,154.0,163.9,154.0,163.6,5685443.0,9057.72,163.37727663326885
1010,156.8,156.8,153.55,154.2,1808768.0,2799.1,154.19590388393783
1011,153.0,156.85,153.0,155.3,1903051.0,2958.67,155.39764691207142
1012,151.1,154.35,151.1,153.75,1611331.0,2468.07,153.74818612949218
1013,153.4,154.0,150.0,150.95,3046168.0,4605.77,150.96774029323748
1014,153.35,154.85,152.5,153.05,1030109.0,1584.33,153.15523858530344
1015,154.4,155.5,151.35,153.0,954442.0,1463.14,152.98147971873212
1016,155.5,157.8,155.0,155.5,1498748.0,2339.38,155.67858293465798
1017,158.5,158.5,155.0,156.0,1273200.0,1989.69,155.96025516346086
1018,158.5,160.4,156.2,157.45,1803100.0,2856.86,157.5358137972684
1019,156.55,159.5,156.25,158.0,3127760.0,4947.97,158.07635790055704
1020,155.35,157.7,154.9,156.1,1835749.0,2870.42,156.19500216206006
1021,152.2,155.35,151.55,154.2,1212265.0,1865.07,154.20454301603658
1022,152.65,152.9,150.75,152.2,1220808.0,1853.86,152.09593900319965
1023,153.1,154.3,150.3,150.75,1521138.0,2307.57,150.88091497292336
1024,151.5,154.8,151.5,154.65,1282122.0,1971.83,154.59300010917215
1025,150.7,153.0,150.7,151.9,1212104.0,1839.77,151.98491646762977
1026,152.7,152.9,149.55,150.2,2393314.0,3610.85,150.21278481695617
1027,153.6,155.1,152.65,154.05,1557133.0,2398.36,154.05079301972202
1028,153.65,156.5,153.5,153.65,1890055.0,2934.91,153.91655241888006
1029,154.1,155.6,152.5,154.9,1788911.0,2762.97,154.7917655815063
1030,155.05,155.9,153.75,155.9,1677773.0,2598.58,155.75183743059895
1031,152.0,156.85,151.75,154.7,2361557.0,3662.11,154.82014050378916
1032,152.8,155.15,152.5,153.75,4155508.0,6392.01,153.82643241235203
1033,155.95,155.95,152.45,152.8,2757448.0,4221.98,152.83473038695075
1034,152.5,156.2,152.05,154.6,2789011.0,4288.36,154.65899576799472
1035,156.2,157.4,152.55,152.9,3156927.0,4866.55,153.05386151672994
1036,156.7,157.9,155.95,156.9,2894662.0,4543.21,156.91433900645566
1037,159.5,159.7,155.7,156.95,3001729.0,4724.96,156.8977218489968
1038,159.5,161.4,156.7,158.55,2700600.0,4300.12,158.56906327312262
1039,161.5,162.45,158.75,159.05,1938059.0,3108.11,159.16741312451188
1040,159.85,163.0,157.7,160.5,4974108.0,7996.8,160.49932867235526
1041,157.25,161.0,156.25,160.2,2116223.0,3358.75,160.10526154839974
1042,153.75,157.7,153.2,157.5,2539258.0,3960.97,157.3714944563241
1043,152.35,154.0,151.5,153.9,1859780.0,2848.19,153.78981451850288
1044,148.85,153.2,148.5,152.3,2443696.0,3695.88,152.27051013137321
1045,154.8,156.3,149.15,149.5,3188567.0,4841.91,149.7299474253503
1046,155.45,161.35,149.25,154.8,3284116.0,5096.64,154.83508125683903
1047,158.0,159.6,152.75,155.2,3488714.0,5442.65,155.16972611752465
1048,167.65,167.65,157.75,158.05,3349829.0,5446.75,158.22891062825363
1049,168.1,169.6,166.65,167.0,2054919.0,3444.07,167.1312871740116
1050,168.1,171.2,166.0,168.1,4246788.0,7163.27,168.17772019421304
1051,175.0,175.0,168.35,169.25,5474004.0,9344.38,169.2659990414692
1052,176.25,176.8,173.1,173.95,3796609.0,6649.77,173.95283359537328
1053,173.35,176.6,171.5,175.2,5379012.0,9371.11,175.08161983743898
1054,172.45,175.0,172.05,172.5,5884830.0,10218.17,172.67634157098686
1055,168.0,172.95,168.0,170.8,5470675.0,9358.11,170.91873966139326
1056,169.0,169.65,165.6,167.5,5084653.0,8519.47,167.38756227588578
1057,166.3,170.75,166.3,168.95,4512185.0,7627.68,169.04388162957602
1058,167.45,169.5,165.5,167.0,4394262.0,7365.66,167.04464089017745
1059,166.0,171.2,164.8,167.65,8915917.0,15024.93,167.79929653651465
1060,162.6,165.4,161.85,162.25,2474896.0,4041.91,162.48738773017158
1061,164.6,165.35,161.3,162.3,2957708.0,4823.27,162.31817209889346
1062,167.0,169.0,162.1,163.0,3059834.0,5065.77,163.1879473537669
1063,166.0,167.95,163.7,167.0,2644231.0,4387.12,166.83131848528953
1064,162.3,166.7,161.6,166.6,4149164.0,6818.61,166.42096402393085
1065,170.0,173.95,161.15,163.3,6509643.0,10888.76,163.59838533638842
1066,168.4,171.5,165.65,168.9,4131952.0,6987.01,168.85194849409152
1067,175.8,176.1,165.05,168.0,7414725.0,12678.57,167.87816639622608
1068,171.65,177.15,166.1,174.25,11693055.0,20262.26,173.8608223336124
1069,173.85,175.45,170.1,171.3,8772925.0,15130.67,171.35335984000747
1070,157.0,176.8,155.2,170.75,17064363.0,28176.94,170.75297051182378
1071,154.3,154.8,151.15,154.4,2556595.0,3917.45,154.12161826733404
1072,150.0,154.0,150.0,152.95,4764627.0,7258.03,152.9715821566873
1073,148.0,151.85,147.75,150.2,3014557.0,4531.68,150.28277319239186
1074,149.4,149.9,146.6,147.5,3308467.0,4880.48,147.50135160624993
1075,150.0,151.0,145.35,148.95,4293795.0,6351.86,148.70712143758115
1076,154.5,154.5,148.0,148.65,5050078.0,7548.4,148.70789138241742
1077,157.0,158.2,154.75,156.55,1655825.0,2593.44,156.50002019852442
1078,157.3,157.8,153.0,156.0,1748577.0,2720.85,155.78076453239018
1079,158.5,163.0,152.75,156.45,5629757.0,9004.67,156.5517248418729
1080,156.0,158.45,155.1,157.4,3014828.0,4730.58,157.37452814468725
1081,154.5,157.4,153.4,155.75,3246095.0,5062.35,155.76685531888492
1082,155.6,155.6,151.55,153.0,2539045.0,3905.09,152.91350956430531
1083,152.95,154.85,151.05,153.35,3351574.0,5141.38,153.2938066064966
1084,146.0,151.6,145.25,150.6,4970218.0,7374.52,150.5027955999683
1085,146.35,147.5,143.25,144.95,3658879.0,5314.8,144.92400241775192
1086,148.0,148.05,143.85,144.0,2208007.0,3207.68,144.08574817664373
1087,147.0,148.5,145.4,147.15,1851834.0,2725.39,147.12493097040462
1088,145.5,149.7,145.5,146.7,2352331.0,3463.9,146.96894482584565
1089,145.8,146.7,144.15,144.65,1789879.0,2598.42,144.72151755398394
1090,142.1,145.95,142.1,145.0,1219063.0,1762.88,145.03260423203218
1091,145.05,145.55,142.1,142.25,1475651.0,2114.43,142.35685288268618
1092,145.05,146.4,144.15,144.7,979792.0,1424.64,144.79603169262526
1093,147.05,148.3,144.9,145.25,1231593.0,1800.54,145.3874521887979
1094,148.6,148.6,146.4,146.7,1058888.0,1560.97,146.72213796851437
1095,149.45,150.9,147.8,148.35,1207233.0,1796.36,148.46992844921402
1096,152.45,153.5,146.5,149.9,2460179.0,3708.75,149.7229420558671
1097,153.0,154.1,151.0,151.2,1294813.0,1973.43,151.33441273554496
1098,153.0,154.55,151.75,153.05,1452937.0,2217.95,153.07565651008738
1099,156.5,157.0,151.85,153.0,1867200.0,2878.25,153.01566947105374
1100,157.85,159.4,155.05,156.0,3277200.0,5157.88,156.0934429600843
1101,156.95,159.3,156.15,158.1,2243023.0,3541.28,158.1083528931793
1102,158.25,160.0,155.55,156.5,2939902.0,4642.58,156.61205802794888
1103,151.0,158.2,151.0,157.5,4644106.0,7195.4,157.39958402637214
1104,153.25,153.95,150.0,150.75,1148162.0,1740.82,150.80699533517327
1105,153.85,154.9,151.1,152.8,1464343.0,2245.4,152.7615472914487
1106,152.2,154.0,151.75,152.25,1788771.0,2734.32,152.37881071730618
1107,155.1,155.3,152.1,152.75,2017657.0,3102.94,152.75968850033183
1108,152.75,155.95,152.5,154.2,3183552.0,4917.5,154.3077139203965
1109,149.3,152.5,148.25,151.25,1476512.0,2224.22,151.22601840394756
1110,152.0,153.8,150.15,152.95,1970278.0,2998.0,152.82815707308697
1111,154.0,154.3,149.4,151.5,2346430.0,3557.03,151.37757512671496
1112,155.0,155.65,152.1,153.35,2596842.0,3983.2,153.32541042900863
1113,151.45,154.75,148.8,154.7,4863298.0,7412.34,154.3508173588855
1114,150.0,152.7,148.1,150.05,4143774.0,6228.57,150.11340859061414
1115,142.85,148.6,142.3,148.2,3912192.0,5700.15,148.0517531383117
1116,143.0,143.75,141.3,141.9,3147980.0,4474.49,141.94155358613938
1117,144.0,144.8,142.25,142.5,1763657.0,2526.9,142.59572696052214
1118,142.55,144.0,142.4,143.0,1214418.0,1736.63,143.08273779382318
1119,143.15,144.85,142.5,142.8,1239544.0,1776.32,142.95514386695072
1120,144.15,144.15,143.2,143.7,125170.0,179.78,143.6749767350858
1121,143.0,146.0,142.45,143.7,2771806.0,3999.94,143.8573961768026
1122,140.7,143.2,140.7,141.1,1578311.0,2243.74,141.30617632173877
1123,143.2,143.8,141.1,141.5,1982788.0,2815.35,141.56529242994475
1124,142.7,144.8,142.55,143.4,926631.0,1329.52,143.51691438977366
1125,142.0,143.4,141.0,142.4,1237254.0,1760.76,142.39941298352983
1126,146.0,146.9,141.9,142.45,1240884.0,1793.26,142.5739136449833
1127,146.05,147.5,145.15,145.6,2109508.0,3090.43,145.71280777212434
1128,143.8,146.0,143.0,146.0,2110986.0,3045.88,145.87241139336132
1129,143.9,145.1,142.25,143.4,2127241.0,3064.66,143.42073302403455
1130,143.5,144.35,141.3,143.0,2910251.0,4163.87,142.92857643243667
1131,141.5,143.0,140.15,142.95,3010530.0,4256.23,142.78850426425774
1132,141.45,142.25,139.45,140.85,2317544.0,3259.93,140.80945911673274
1133,136.8,141.15,135.9,141.05,2995506.0,4182.18,140.87174563812968
1134,139.95,141.0,135.25,135.75,2979960.0,4105.11,135.90464966092418
1135,140.15,142.15,139.15,139.85,1852558.0,2600.32,139.99254267402102
1136,141.7,141.9,139.1,140.4,1868445.0,2619.52,140.328422093135
1137,143.2,143.55,141.0,141.1,1034913.0,1469.54,141.18378595076484
1138,142.75,143.0,141.8,142.9,613301.0,873.85,142.82452896498017
1139,141.25,143.0,141.2,142.0,1204144.0,1711.81,142.08600259987793
1140,139.35,141.95,139.15,141.25,784045.0,1105.59,141.2659686654946
1141,140.35,141.75,139.6,140.25,882447.0,1241.11,140.3379559522166
1142,139.1,140.95,138.35,140.25,1294179.0,1811.73,140.22766629321043
1143,140.55,141.35,137.7,138.9,1078151.0,1500.0,138.90905510351402
1144,141.55,142.4,139.1,140.9,1060283.0,1490.75,140.83072250729907
1145,144.0,144.85,141.15,141.5,1390278.0,1979.3,141.6152224026887
1146,145.3,145.9,143.5,144.05,1486914.0,2145.07,144.0909623716375
1147,144.2,145.85,143.05,144.65,1465761.0,2119.11,144.65076814595534
1148,144.35,144.5,142.7,143.5,1411856.0,2030.88,143.46350141551264
1149,142.45,144.5,141.8,143.7,2053488.0,2944.82,143.69012323692698
1150,144.3,144.3,140.15,141.35,2905219.0,4119.2,141.30111989059458
1151,143.15,144.85,142.55,143.1,1418289.0,2041.25,143.22255932317876
1152,141.2,143.7,138.5,143.4,2866989.0,4052.98,143.1106896514681
1153,140.85,142.95,140.0,140.5,2140205.0,3023.42,140.6718810983915
1154,141.35,143.0,139.65,140.5,2555790.0,3603.27,140.60243167680005
1155,141.8,144.75,139.7,141.1,4943283.0,7005.22,141.26153313554167
1156,140.0,144.4,139.6,141.8,2441955.0,3477.95,141.9775995416022
1157,140.9,143.0,138.4,139.0,2281455.0,3211.22,139.19695297991237
1158,143.0,144.9,140.3,141.25,1798083.0,2557.45,141.38991764177516
1159,147.25,147.85,143.65,144.5,2015494.0,2929.81,144.54232694727318
1160,149.05,150.35,147.5,148.1,1191923.0,1769.79,148.19705392886857
1161,148.35,152.2,148.1,149.6,4586839.0,6885.96,149.7923326056703
1162,148.5,150.1,147.55,147.8,1992324.0,2959.65,147.95243225479652
1163,146.25,149.3,146.25,148.35,2549468.0,3774.17,148.39453081973653
1164,149.5,150.25,145.8,146.5,1884689.0,2784.42,146.5771036825339
1165,152.25,152.9,148.5,149.0,2142240.0,3209.54,149.09046413820022
1166,152.85,152.85,150.4,152.0,1117786.0,1695.44,151.8660257490791
1167,153.05,154.5,150.3,151.9,2175698.0,3309.89,151.9103294045326
1168,156.1,156.8,151.9,153.55,2340369.0,3600.63,153.51170263512392
1169,158.05,159.95,154.75,155.55,2520546.0,3988.81,155.71093521350303
1170,157.4,158.5,156.15,157.1,1740722.0,2738.72,157.12090583002677
1171,157.1,159.3,156.0,157.2,2122772.0,3343.22,157.29304330327162
1172,157.0,158.2,155.2,156.5,1244854.0,1950.31,156.5028758544672
1173,156.95,158.6,155.1,157.15,1538685.0,2411.31,157.1048345489318
1174,154.45,157.0,153.65,156.75,1816178.0,2819.87,156.64014068620472
1175,160.5,161.75,153.75,154.6,2116255.0,3351.03,154.77102415214324
1176,160.85,162.65,159.9,160.35,1958707.0,3160.15,160.49115759450316
1177,159.5,161.5,158.15,160.0,2258565.0,3620.28,159.9975193570955
1178,158.55,160.9,155.25,159.45,3188036.0,5054.86,159.2346566495843
1179,160.8,162.85,156.35,158.3,3624182.0,5797.01,158.35448501062916
1180,159.0,166.1,158.0,162.1,10232143.0,16618.38,162.2762807810085
1181,155.4,157.65,153.65,156.9,2997231.0,4683.08,156.75832388428356
1182,154.5,156.5,153.35,154.1,3101414.0,4817.62,154.22673987227
1183,147.2,153.85,146.6,152.85,5456617.0,8298.94,152.73868480905995
1184,148.55,149.4,145.9,147.3,1833784.0,2704.13,147.27759140341678
1185,145.3,148.75,145.25,147.85,1672571.0,2462.36,147.87780802724717
1186,144.1,147.1,144.1,144.5,1678569.0,2443.6,144.75303223146798
1187,145.25,145.5,142.2,143.45,1279705.0,1834.35,143.40041548397417
1188,146.0,147.5,145.0,145.3,1102791.0,1608.29,145.44272700018107
1189,146.8,148.45,146.2,146.55,1185509.0,1745.97,146.69133808787157
1190,147.95,147.95,146.25,147.2,1285575.0,1889.48,147.1302653003097
1191,146.75,149.0,146.7,147.6,1821331.0,2689.55,147.71735246947532
1192,149.1,149.1,145.3,146.65,2508890.0,3674.98,146.57372834511574
1193,146.8,147.75,145.8,146.15,1385102.0,2029.35,146.23106969436103
1194,147.6,148.7,146.05,146.6,1565641.0,2304.46,146.6827074605488
1195,146.5,148.4,145.1,145.9,1547460.0,2267.72,146.02765602062573
1196,149.0,149.3,146.25,146.7,2227417.0,3286.14,146.74060290401064
1197,149.2,150.9,149.0,149.25,2063513.0,3091.19,149.3942993428516
1198,148.0,150.1,147.55,148.75,2020588.0,3005.77,148.82353241021485
1199,145.0,148.35,145.0,148.2,3615167.0,5318.02,148.1351160097828
1200,146.3,147.6,144.0,144.75,1855005.0,2699.14,144.8444777568122
1201,142.0,146.8,141.6,145.8,2505101.0,3641.28,145.77006993233533
1202,142.55,143.75,140.8,142.5,2305892.0,3285.91,142.4555476359815
1203,144.35,145.2,141.1,142.35,2315264.0,3306.1,142.35999243183088
1204,145.1,146.8,143.1,144.1,2997918.0,4355.49,144.19189821860084
1205,146.25,147.8,144.75,145.8,2756146.0,4034.8,145.85996273154637
1206,149.0,149.2,144.05,145.0,3835593.0,5596.79,145.0133039500067
1207,142.5,148.35,142.5,147.5,5738832.0,8407.83,147.45164942231543
1208,146.05,146.9,142.8,144.4,4246087.0,6161.68,144.35798526819917
1209,155.0,155.0,141.1,144.9,11917625.0,17299.48,144.71294815575328
1210,157.1,159.65,153.1,155.25,1842456.0,2891.59,155.32875383876575
1211,160.4,161.25,155.1,156.75,1954941.0,3059.76,156.75123322122852
1212,160.2,163.0,157.8,160.2,1175152.0,1883.24,160.23729795107252
1213,164.4,167.9,159.05,161.5,2358582.0,3874.98,161.65986923692958
1214,167.7,168.95,163.1,163.7,2080746.0,3437.64,163.84867944036108
1215,168.5,169.8,165.9,167.8,1762917.0,2960.86,167.74915928678948
1216,168.0,170.0,167.25,169.5,512878.0,868.66,169.4386152552077
1217,164.0,169.9,161.55,168.3,3726470.0,6227.17,168.09448905004734
1218,165.0,167.1,163.1,164.1,3033400.0,4991.85,164.21770747446166
1219,163.0,166.0,162.65,165.3,1918758.0,3158.04,165.27415593290698
1220,163.3,164.2,160.25,162.25,2067392.0,3350.14,162.15931835477235
1221,164.0,166.25,162.3,163.1,1058274.0,1733.67,163.26221457554104
1222,166.2,168.4,163.05,163.45,4412267.0,7337.93,163.6725203122912
1223,159.0,166.4,158.0,165.75,4943284.0,8096.77,165.53252267004567
1224,162.1,162.6,157.0,158.9,1228667.0,1950.57,158.8340606505224
1225,160.4,162.8,159.9,162.25,1598301.0,2583.68,162.2084450014681
1226,164.5,165.35,159.0,159.8,3257249.0,5252.89,159.9018588934212
1227,163.2,165.0,162.25,164.0,2540836.0,4163.49,163.97769140293678
1228,159.1,162.9,158.25,161.75,2724697.0,4381.6,161.70810590959536
1229,160.0,160.2,155.35,157.1,1145582.0,1805.49,157.01411145559698
1230,160.85,161.45,157.7,159.3,1281419.0,2039.09,159.23619803192182
1231,161.15,163.45,159.0,159.8,1880046.0,3030.76,159.97505029462923
1232,156.0,160.8,155.85,160.3,3124853.0,4978.8,160.22326265890547
1233,155.7,158.2,154.15,155.3,2049580.0,3204.49,155.43998706334762
1234,157.0,157.8,155.2,155.8,1720413.0,2688.94,155.8473921072148
